Date,Close,EMA20,SMA50,RSI,OBV,MACD,Stoch_D,Stoch_K,ROC,Volume_SMA20,Daily_Return,Year,Month,Day
2022-10-18,2.408216714859009,2.31185505373953,2.446633505821228,55.127944922533466,22810400,-0.03359721437364627,62.12122014656986,88.63638051532426,2.43902364816966,1645555.0,0.058823510913097454,2022,10,18
2022-10-19,2.446442127227783,2.324672870262221,2.444148831367493,57.28801595272737,23683900,-0.01899172247094416,81.06060420961323,97.72723270044956,4.918010325829892,1640970.0,0.015872912156500885,2022,10,19
2022-10-20,2.46555495262146,2.338090211439291,2.439944000244141,58.36717474264809,25565000,-0.005807573541742883,89.89896828013542,83.33329162463247,5.30611600662511,1685945.0,0.007812498477262064,2022,10,20
2022-10-21,2.561119318008423,2.3593310787315893,2.4403262519836426,63.352926765246835,26405700,0.012211439223306364,92.09954212643379,95.23810205421931,11.666663028338544,1666200.0,0.03875977912613782,2022,10,21
2022-10-24,2.427329540252685,2.3658071226859794,2.4347835302352907,53.66373932954061,25110600,0.015517048842493608,80.15872893410523,61.90479312346391,4.526752942746681,1589640.0,-0.05223879138117449,2022,10,24
2022-10-25,2.312652349472046,2.3607447633322716,2.4279029083251955,47.02496438600071,23986100,0.0087820434523187,63.49207374832108,33.33332606728005,1.25521400884222,1528940.0,-0.04724417878946152,2022,10,25
2022-10-26,2.1979756355285645,2.3452429416366805,2.420640034675598,41.49653545135671,21995800,-0.005742750412424336,33.33336566811392,4.761977813597805,-1.7093906831282952,1560940.0,-0.04958666354225738,2022,10,26
2022-10-27,2.3604347705841064,2.3466897824888164,2.4164352130889895,50.39390930385821,23556000,-0.004097427134929887,27.77782407986322,45.2381683587118,5.106403398352038,1566415.0,0.07391307366174438,2022,10,27
2022-10-28,2.379547595977783,2.349819098059194,2.412421522140503,51.331670233899416,24636200,-0.0012369920327257589,33.333405268947864,50.00006963453399,7.792216488498832,1384895.0,0.00809716312937847,2022,10,28
2022-10-31,2.4942243099212646,2.3635719753793913,2.411657004356384,56.62937599250608,26650700,0.010166186348055994,57.93655196048734,78.57141788821623,9.66385726586271,1353575.0,0.048192653989070244,2022,10,31
2022-11-01,2.656683444976806,2.391487353436288,2.4137594079971314,62.80620360532905,28623400,0.03194414956993041,73.16019643890938,90.90910179397791,10.317457253108723,1374355.0,0.06513413184585226,2022,11,1
2022-11-02,2.561119318008423,2.407642778633634,2.4126126384735107,57.60871614459916,27637600,0.04101927131528971,80.39288125302835,71.6981240768909,4.687508831880178,1309475.0,-0.035971213337092856,2022,11,2
2022-11-03,2.6757965087890625,2.433181229124627,2.412230386734009,61.70423124771941,29112900,0.056809991362498646,85.6489514251076,94.33962840445395,8.527149473755054,1311915.0,0.04477619998970406,2022,11,3
2022-11-04,2.7426910400390625,2.462658353973621,2.413759412765503,63.89548051585887,30744800,0.07387054669734994,85.99106818003497,91.93545205876009,7.089545604295915,1342105.0,0.02499985743694433,2022,11,4
2022-11-07,2.542006731033325,2.4702153422650213,2.4114658784866334,53.926500679267846,29435300,0.07038624435585117,81.44654314904776,58.06454898392924,4.724417878946185,1352990.0,-0.07317058541266797,2022,11,7
2022-11-08,2.542006731033325,2.4770526173858123,2.408216700553894,53.926500679267846,29947300,0.06685425540617684,69.35485000887286,58.06454898392924,9.917373945705176,1322020.0,0.0,2022,11,8
2022-11-09,2.4942243099212646,2.478688016674903,2.4053497743606567,51.69915254754158,27144400,0.05951345263146823,55.376357163011335,49.99997352117553,13.478251059933108,1404070.0,-0.018797126116435137,2022,11,9
2022-11-10,2.322208881378174,2.463785241884738,2.4009538173675535,44.56328197860527,23398900,0.03936186695404009,43.010747218035455,20.967719149001596,-1.6194427264970914,1521930.0,-0.06896550076064367,2022,11,10
2022-11-11,2.542006731033325,2.471234907517937,2.4013360738754272,53.41196527267848,26500000,0.04065875088918336,43.010747218035455,58.06454898392924,6.82731185247781,1616145.0,0.09465033547055723,2022,11,11
2022-11-14,2.4846677780151367,2.4725142285176704,2.4001892948150636,51.11962137281481,24761700,0.03663743292365229,42.47310617121312,48.38705038070851,-0.38314645030581074,1659275.0,-0.022556570098018702,2022,11,14
2022-11-15,2.4942243099212646,2.4745818553180126,2.400380425453186,51.49328285795763,26137000,0.033831651502443716,50.688536699888765,45.61401073502854,-6.115110754452715,1665520.0,0.0038462010859907636,2022,11,15
2022-11-16,2.303096055984497,2.4582498744291064,2.396175594329834,44.213651032275855,25074700,0.016001145499390468,31.974711969369576,1.923074792371678,-10.074628706661343,1674960.0,-0.07662833417849291,2022,11,16
2022-11-17,2.331765651702881,2.44620375797899,2.3933086824417114,45.45920250191634,27120200,0.004136059879098486,22.512371304735225,20.00002838680545,-12.857138274758926,1683180.0,0.01244828483982996,2022,11,17
2022-11-18,2.3413217067718506,2.4362149911973576,2.3894861125946045,45.892843374506064,28490000,-0.004444775571515347,14.529911954125154,21.666632683198333,-14.634143161144955,1709635.0,0.004098205607407923,2022,11,18
2022-11-21,2.4177732467651367,2.4344586345847654,2.386236934661865,49.36165343444126,30005400,-0.0050183012889535306,25.55555622537472,35.00000760612038,-4.887220901169195,1720650.0,0.032653154742538826,2022,11,21
2022-11-22,2.4177732467651367,2.432869550030515,2.384899044036865,49.36165343444126,31211600,-0.005410456181089263,30.555549298479693,35.00000760612038,-4.887220901169195,1724735.0,0.0,2022,11,22
2022-11-23,2.389104127883911,2.4287014145879815,2.3827966403961183,48.02268685455259,30608400,-0.007943037660540497,33.33334786851939,30.00002839331743,-4.2145440415770725,1655380.0,-0.011857654111932736,2022,11,23
2022-11-25,2.389104127883911,2.4249302444256893,2.3827966403961183,48.02268685455259,31517400,-0.00983673497167148,32.98744293293993,33.96229279938197,2.880673097160692,1622820.0,0.0,2022,11,25
2022-11-28,2.408216714859009,2.423338479705053,2.384134540557861,49.09039910865162,32320100,-0.009683650599510152,36.47227912004971,45.45451616744973,-5.263165299327543,1608945.0,0.007999897012453072,2022,11,28
2022-11-29,2.5324501991271973,2.433730072030971,2.3860458278656007,55.490631045258176,33969200,0.0004570057088990609,51.472266900015505,74.99999173321483,1.9230909474034903,1590675.0,0.05158733576660768,2022,11,29
2022-11-30,2.5897884368896484,2.4485927734460833,2.389103879928589,58.10829796614146,35655600,0.012970746789598753,69.69693439526871,88.63629528514156,3.831416708924646,1576360.0,0.022641407827965532,2022,11,30
2022-12-01,2.608901262283325,2.46386024857344,2.392735314369202,58.974427470558226,36764500,0.024151814940758243,83.62344406162855,87.23404516652927,13.278004862376728,1582515.0,0.0073800721021950455,2022,12,1
2022-12-02,2.608901262283325,2.477673678450572,2.3942643356323243,58.974427470558226,37390100,0.03263667671228454,85.95678130512955,82.00000346371786,11.885225703451507,1540030.0,0.0,2022,12,2
2022-12-05,2.455998659133911,2.4756093908966044,2.396940131187439,49.48229088436782,36251800,0.026715073840880343,73.07801160714827,49.99998619119768,4.89795793676615,1515350.0,-0.058608045218082716,2022,12,5
2022-12-06,2.455998659133911,2.4737417021573003,2.4022917222976683,49.48229088436782,37538100,0.021771196105838442,60.66665861537107,49.99998619119768,1.5810172612306865,1514190.0,0.0,2022,12,6
2022-12-07,2.46555495262146,2.4729620117253153,2.4084078216552736,50.064864013134,38634900,0.018412008231454724,50.66664490152281,51.99996232217309,1.9762691112680995,1543430.0,0.0038910011013275625,2022,12,7
2022-12-08,2.3413217067718506,2.4604248398249853,2.4120392560958863,43.10545900292747,36824000,0.005659998025841162,38.65112412275557,13.953423854895949,-2.000014170767124,1493830.0,-0.05038753880440605,2022,12,8
2022-12-09,2.312652349472046,2.4463512693151817,2.416435203552246,41.666043608825305,36012200,-0.0066824088204313625,24.310010120754658,6.976644185194943,-3.200018681462012,1347145.0,-0.01224494575729762,2022,12,9
2022-12-12,2.236201047897339,2.4263369625134823,2.419302124977112,38.020032690962665,34935600,-0.022374912215117337,11.219110529564437,12.727263548602416,-7.142864921595759,1245920.0,-0.033057844423594385,2022,12,12
2022-12-13,2.2075319290161133,2.4054983878946854,2.416244068145752,36.72231594527557,32407700,-0.036701619090765636,8.992216201125565,7.272740869579338,-12.830193866124842,1285400.0,-0.01282045677788346,2022,12,13
2022-12-14,2.2553141117095947,2.3911951234961055,2.4143327856063843,40.37515873091209,34732700,-0.04369631082587366,13.099415755184637,19.29824284737216,-12.91512157579016,1332885.0,0.021645069801902173,2022,12,14
2022-12-15,2.169306516647339,2.3700628752247943,2.4110836029052733,36.31181244813281,32957000,-0.05553952349138447,11.116881604975395,6.779661097974685,-16.849803861540185,1368555.0,-0.03813552826885813,2022,12,15
2022-12-16,2.140637159347534,2.3482128070460075,2.4070699119567873,35.045705939872306,30292800,-0.06647247902826381,10.331978450750162,4.918031406903642,-17.948709278708524,1399490.0,-0.013215908899823492,2022,12,16
2022-12-19,2.2075319290161133,2.3348146281860176,2.4053497552871703,40.27825924728116,32251200,-0.0689443289023619,9.363705745539518,16.39342473174022,-10.116729062279607,1428920.0,0.031249933869674784,2022,12,19
2022-12-20,2.312652349472046,2.332703934975163,2.4051586246490477,47.44322490591008,34396800,-0.06170959849495894,18.57921783163918,34.42619735627367,-5.83657931280855,1460430.0,0.04761898076046589,2022,12,20
2022-12-21,2.322208881378174,2.331704406061164,2.4059231328964232,48.05337530177997,35414700,-0.05457577470753039,28.96172823961491,36.06556263083083,-5.813947528968106,1451015.0,0.004132282099516438,2022,12,21
2022-12-22,2.3508782386779785,2.3335304853580037,2.408216676712036,49.93129440092005,36086600,-0.04607763611844895,41.61319295983239,54.34781889239267,0.4081682529353991,1454450.0,0.012345727177991872,2022,12,22
2022-12-23,2.408216714859009,2.3406434595961945,2.4114658641815185,53.54818293814513,37127900,-0.03432043956705266,54.168797515038655,72.09301102189248,4.132240862262727,1461065.0,0.02439023648169658,2022,12,23
2022-12-27,2.2553141117095947,2.332516855035566,2.412421507835388,44.34800433860913,35520600,-0.03691520332284037,53.7748508216962,34.88372255080347,0.8547113342169097,1501295.0,-0.0634920446345153,2022,12,27
2022-12-28,2.3508782386779785,2.3342655582396055,2.4139505338668825,50.11662581678978,37691300,-0.030904102651716503,58.807072375050325,69.44448355245505,6.49351014033822,1527375.0,0.04237286791769468,2022,12,28
2022-12-29,2.331765651702881,2.334027471902775,2.4124215126037596,49.02218267166293,36192100,-0.02736701815068221,56.6808553802558,65.71436003750888,3.3898400048290216,1518015.0,-0.008129977410418987,2022,12,29
2022-12-30,2.312652349472046,2.331991745956991,2.409745717048645,47.89573971828863,35693900,-0.02580863111956022,65.05292487354207,59.999931030662246,6.6079104877372465,1487480.0,-0.008196922455254718,2022,12,30
2023-01-03,2.083298683166504,2.308306692357897,2.4021005916595457,36.929755159032645,33274200,-0.042589576129583584,41.90476368939037,0.0,-2.678570533574547,1577185.0,-0.09917343017764901,2023,1,3
2023-01-04,2.140637159347534,2.2923381654045296,2.393690948486328,40.59178907587407,35034800,-0.050677679377929774,25.263135264569403,15.789474763045972,-3.030296811987394,1608300.0,0.027522926330409314,2023,1,4
2023-01-05,2.2075319290161133,2.2842613809865853,2.389294996261597,44.630988663091586,36757900,-0.0511006540932093,16.66665686309297,34.210495826232936,-4.545448453587523,1630140.0,0.031249933869674784,2023,1,5
2023-01-06,2.2744269371032715,2.2833247672834123,2.3885304880142213,48.40856037422008,39219800,-0.04551334698178078,34.21051771092183,52.63158254348657,-2.0576075071483206,1698395.0,0.03030307612219807,2023,1,6
2023-01-09,2.245757341384888,2.2797469171978384,2.3894861221313475,46.930758992869684,37570400,-0.04290418982093991,43.85960835019441,44.7367466808637,-4.471558567499665,1690320.0,-0.0126051952914773,2023,1,9
2023-01-10,2.3413217067718506,2.2856111828715537,2.3891038608551027,52.172011810282946,38192900,-0.03274767355498609,56.1403109436746,71.05260360667354,-2.777781902866438,1680855.0,0.0425532908769346,2023,1,10
2023-01-11,2.4368858337402344,2.3000182924780948,2.3902506256103515,56.76993508543675,39950900,-0.01679374699523617,71.05258172198468,97.36839487841682,8.050839618655289,1714925.0,0.04081631613971792,2023,1,11
2023-01-12,2.4942243099212646,2.3185141036631585,2.3902506256103515,59.29823605729122,41013700,0.0004711593437409789,84.80698736846684,85.99996362031018,6.097554049583491,1641670.0,0.023529406009564546,2023,1,12
2023-01-13,2.398660182952881,2.3261470635955126,2.385090160369873,53.66488847879766,40266000,0.006369076867185353,83.12277492581468,65.99996627871704,2.86883594846451,1562805.0,-0.03831416708924651,2023,1,13
2023-01-17,2.408216714859009,2.3339632208587027,2.382032108306885,54.13413863765992,40681900,0.011679714772741434,73.33330695348128,67.99999096141667,4.132240862262727,1494815.0,0.003984112453295996,2023,1,17
2023-01-18,2.4177732467651367,2.341945128087887,2.3768716430664063,54.62897036102356,41949900,0.01646971322946067,67.99999096141669,70.0000156441163,16.05504608154646,1425005.0,0.003968302290721093,2023,1,18
2023-01-19,2.389104127883911,2.3464364614017943,2.3697999048233034,52.78900285427097,41315600,0.01774787674514622,67.33334933190388,64.00004139017867,11.607150116562007,1358800.0,-0.011857654111932736,2023,1,19
2023-01-20,2.3508782386779785,2.34685948780905,2.365977334976196,50.35373485576294,40420200,0.015497673218271224,63.333349863585255,55.99999255646079,6.49351014033822,1296290.0,-0.016000093407310012,2023,1,20
2023-01-23,2.3508782386779785,2.347242225987043,2.3621547651290893,50.35373485576295,41584700,0.013558081586465764,58.66667550103341,55.99999255646079,3.3613434807484306,1303620.0,0.0,2023,1,23
2023-01-24,2.427329540252685,2.354869589250437,2.360816869735718,55.15258683725209,43285700,0.01798262978874332,61.1428483449208,71.42855992184084,8.08512102005763,1355075.0,0.03252031530892863,2023,1,24
2023-01-25,2.4942243099212646,2.3681414674095635,2.3642571783065796,58.89646659126326,44762900,0.026580560806383158,70.73704132386915,84.78257149330582,6.530610582354866,1376870.0,0.02755899788605376,2023,1,25
2023-01-26,2.4942243099212646,2.3801493571725825,2.3633015298843385,58.89646659126327,45769400,0.03301391917283736,79.09739393711297,81.08105039619223,2.3529406009564586,1346830.0,0.0,2023,1,26
2023-01-27,2.455998659133911,2.387373100216519,2.3627281475067137,55.80887496946742,44278300,0.03462873299630642,78.71129115667655,70.2702515805316,-1.5325666835698586,1312850.0,-0.015325666835698581,2023,1,27
2023-01-30,2.408216714859009,2.3893582063729464,2.3610079956054686,52.1300243484329,43677000,0.03168760601559839,67.6221619722176,51.51518393992892,0.3984112453296039,1267955.0,-0.0194551996586807,2023,1,30
2023-01-31,2.4942243099212646,2.399345454329929,2.364830560684204,57.55384047346746,44597200,0.0358831966651314,64.95409639521243,73.07685366517678,3.571422560585095,1289055.0,0.03571422560585091,2023,1,31
2023-02-01,2.46555495262146,2.4056511208338844,2.3675063467025756,55.30443599518393,43494000,0.03647440076076247,62.04346117430833,61.53834591781928,1.9762691112680995,1223230.0,-0.011494297920907393,2023,2,1
2023-02-02,2.408216714859009,2.4058954631219915,2.368844246864319,51.01042405263891,42632100,0.031947941689272064,58.205056877023594,39.99997104807472,0.7999897012453011,1178295.0,-0.023255712756062197,2023,2,2
2023-02-03,2.293539762496948,2.395194920205321,2.366359577178955,43.70203835515395,41391200,0.018889472522449324,36.144953653131815,6.8965439935014325,-2.4390236481696785,1154185.0,-0.047619033475886696,2023,2,3
2023-02-06,2.379547595977783,2.3937046988503172,2.365595064163208,49.54114569924129,42684500,0.01530423727030561,28.27585705740673,37.931056130644045,1.219516894925488,1095755.0,0.037500040281490454,2023,2,6
2023-02-07,2.331765651702881,2.387805741979133,2.3644482946395873,46.646575746383206,41309900,0.008509219939484947,21.839109178272384,20.689727410671676,-3.9369968916480964,1082015.0,-0.020080264145869386,2023,2,7
2023-02-08,2.427329540252685,2.3915699132432806,2.365212802886963,52.610288869407114,43169200,0.010711847385811879,37.93105613064399,55.17238485061626,-2.681986916833924,1143855.0,0.04098348754730741,2023,2,8
2023-02-09,2.303096055984497,2.383143831599587,2.3631103897094725,45.491384817278536,41849400,0.0024051168977416992,28.735629195671606,10.344775325726872,-7.662833417849292,1121945.0,-0.05118113639207611,2023,2,9
2023-02-10,2.389104127883911,2.3837114788647606,2.3602434682846067,50.486560622253954,43170200,0.002730628753505826,35.63217788954515,41.379373492292316,-2.7237201861335643,1134845.0,0.037344543956786325,2023,2,10
2023-02-13,2.427329540252685,2.3878655799493247,2.3569942903518677,52.567040420377666,43791700,0.006003861778140607,35.63217788954515,55.17238485061626,0.7936505579314233,1128535.0,0.015999893819040434,2023,2,13
2023-02-14,2.3508782386779785,2.3843429760187203,2.3518338298797605,48.204445518399936,43106300,0.0024012611814749896,41.3793161393436,27.586190075122232,-5.747120283973623,1142010.0,-0.03149605371125175,2023,2,14
2023-02-15,2.398660182952881,2.3857065195362592,2.347629008293152,50.94464034707233,45774600,0.00336301112702575,42.528697906944366,44.827518795094605,-2.713172934858108,1212025.0,0.020325146359673862,2023,2,15
2023-02-16,2.389104127883911,2.3860301012836547,2.346291117668152,50.3707003975891,42076800,0.0033158876187266983,37.931027454169715,41.379373492292316,-0.7936406577186564,1365200.0,-0.003983913660169147,2023,2,16
2023-02-17,2.4942243099212646,2.3963343116300937,2.347055630683899,56.21444179793871,45691900,0.011626835145190917,55.172384850616425,79.31026226446234,8.749992073642279,1501185.0,0.04399983274503039,2023,2,17
2023-02-21,2.446442127227783,2.4011064845441594,2.3466733741760253,53.150871859623315,44978700,0.014194077634591018,60.919494423940534,62.06884751506698,2.8112289648281767,1478620.0,-0.01915713133875674,2023,2,21
2023-02-22,2.4846677780151367,2.409064702969967,2.349540295600891,55.251882507201195,47056500,0.019093033748815103,72.41368489411447,75.86194490281407,6.557353917645709,1497460.0,0.015624996954524129,2023,2,22
2023-02-23,2.561119318008423,2.4235460948783913,2.3545096349716186,59.19348049774849,48567200,0.028812361145476917,74.54836204625572,85.71429372088615,5.511809399469106,1499135.0,0.03076932082016981,2023,2,23
2023-02-24,2.540907621383667,2.4347233831169888,2.3606037664413453,57.74532367592804,47290900,0.03448654372099513,80.00522200391224,78.43942738803649,10.325733691446636,1512625.0,-0.007891743458665945,2023,2,24
2023-02-27,2.4927845001220703,2.440253013307949,2.366308817863464,54.33676188123577,45813500,0.03470023784651888,75.7778216393307,63.179743809069436,4.339717596570035,1511940.0,-0.018939343113698492,2023,2,27
2023-02-28,2.4446611404418945,2.4406728349397535,2.37009575843811,51.08910962522711,44696900,0.030633317225686962,62.63724222070474,46.292555465008334,0.7140192504477662,1537705.0,-0.019305062141480422,2023,2,28
2023-03-01,2.4350361824035645,2.440136010888688,2.375410351753235,50.439763287525146,43741500,0.02633008285330929,50.87248030497964,43.145141640861176,3.5798512377617797,1539465.0,-0.003937133813396443,2023,3,1
2023-03-02,2.3965377807617188,2.435983798495643,2.3805283641815187,47.82157729238049,42415600,0.019587447440805317,39.99785306429657,30.555862087020213,-0.08848282079495384,1550600.0,-0.015810196957256273,2023,3,2
2023-03-03,2.4446611404418945,2.4368102120143336,2.3852709484100343,51.22944756776214,44692100,0.017920437591355753,39.997829336044475,46.29248428025205,2.3254328645437328,1621330.0,0.02008036763137544,2023,3,3
2023-03-06,2.540907621383667,2.446724251001889,2.3898360538482666,57.243993493743204,48674700,0.024087936187952685,51.53799902323589,77.76565070243541,1.8716565016510485,1758415.0,0.03937007029300399,2023,3,6
2023-03-07,2.4639103412628174,2.44836102150293,2.3926700830459593,51.746080776471416,47383100,0.022503282415669013,58.88174045388801,52.58708637897659,0.7140252303792899,1758330.0,-0.03030306158038132,2023,3,7
2023-03-08,2.589030742645264,2.4617581378022,2.3974331331253054,58.68939610316324,48660300,0.03098641153723003,73.72694281654822,90.82809136823266,4.200278425693481,1753460.0,0.050781231478706834,2023,3,8
2023-03-09,2.579406261444092,2.4729627210061897,2.400856924057007,57.99807194188695,47024400,0.03651185139092705,72.24951296136545,73.33336113688712,0.7140215337522515,1742290.0,-0.003717407075413348,2023,3,9
2023-03-10,2.512033700942993,2.476683766714457,2.405991315841675,53.26788848956315,45524200,0.03505036096406711,71.38715957403754,50.000026216992865,-1.1363624634629714,1751310.0,-0.026119406434013892,2023,3,10
2023-03-13,2.4254117012023926,2.4718007128561648,2.407481985092163,47.86291678050926,43592900,0.026595867220535307,47.77778811563146,19.9999769930144,-2.702712525546373,1781835.0,-0.0344828175307057,2023,3,13
2023-03-14,2.4254117012023926,2.4673827117462817,2.4093549060821533,47.86291678050926,44563000,0.01966888930499877,29.999993401007217,19.9999769930144,-0.7874072574337417,1799265.0,0.0,2023,3,14
2023-03-15,2.4061625003814697,2.4615522154258236,2.4112251091003416,46.64316949124133,41600300,0.012482074185402148,21.17644982978031,23.52939550331215,-1.185759876208255,1913130.0,-0.007936467368150346,2023,3,15
2023-03-16,2.4639103412628174,2.4617767988388706,2.418837342262268,50.70205885536775,42824200,0.011315798088670004,28.2352711293091,41.17644089160078,2.811245499317138,1840910.0,0.023999975426511,2023,3,16
2023-03-17,2.4446611404418945,2.4601467361343965,2.424917821884155,49.35432529011319,41400600,0.008737545262624824,33.333317703233526,35.29411671478766,0.0,1727200.0,-0.007812459933528748,2023,3,17
2023-03-20,2.3965377807617188,2.454088740384618,2.4286979389190675,46.0581318712852,39583700,0.0027790729570469352,32.35291819745646,20.588196985980954,-5.681821700520176,1637290.0,-0.019685083909615764,2023,3,20
2023-03-21,2.4735350608825684,2.4559407709082324,2.4326801013946535,51.62501886753217,40879600,0.004221317024060589,33.333317703233526,44.11763940893197,0.39062783489183545,1666425.0,0.03212854841636448,2023,3,21
2023-03-22,2.4735350608825684,2.4576164175724546,2.437235655784607,51.62501886753217,42245400,0.005303174147514689,36.27449193461496,44.11763940893197,-4.46096216086996,1630825.0,0.0,2023,3,22
2023-03-23,2.377288579940796,2.4499661473218204,2.437954993247986,44.90648747361853,41200700,-0.0015874339835675322,34.31371720901058,14.705872809167834,-7.8358219302041805,1607525.0,-0.0389104979605307,2023,3,23
2023-03-24,2.386913299560547,2.443961114201699,2.4369555425643923,45.66796659013642,42439200,-0.006200184270634068,25.490194514866275,17.64707132649903,-4.980840875481778,1605635.0,0.004048612230321158,2023,3,24
2023-03-27,2.4350361824035645,2.443111120697115,2.435771780014038,49.43141986007902,44122900,-0.005904642596149756,21.568596491758015,32.35284533960719,0.3968184533949663,1615950.0,0.02016113566080402,2023,3,27
2023-03-28,2.48315954208374,2.44692525606727,2.4374617671966554,52.94180539877331,46020000,-0.001766902989561725,32.35289391150666,47.05876506841376,2.380950040470195,1654975.0,0.019762893064149134,2023,3,28
2023-03-29,2.502408981323242,2.4522094203773626,2.43934561252594,54.30814810806969,48427600,0.003030619239715371,50.47051624271713,71.99993832013044,3.9999992073068076,1727585.0,0.007751994551002284,2023,3,29
2023-03-30,2.540907621383667,2.4606568680922485,2.4418083000183106,56.99739768954299,49962600,0.009825941341664368,64.13068371437275,73.33334775457408,3.1250033262730867,1738040.0,0.0153846315081827,2023,3,30
2023-03-31,2.627529621124268,2.476549511238155,2.4465768098831178,62.3646910714702,56263000,0.021947952183277053,79.75756232325239,93.93940089505266,7.4803201825067,1939235.0,0.034090967735942446,2023,3,31
2023-04-03,2.6467788219451904,2.4927618265435867,2.452494821548462,63.456239513611656,58194100,0.03273068379494726,87.18615596519963,94.28571924597215,10.44177326108895,1836660.0,0.007325969102752072,2023,4,3
2023-04-04,2.675652503967285,2.510179986298225,2.4589903068542482,65.09173713151367,60343600,0.043109007312463365,94.22318820417475,94.44444447149945,8.171197824566125,1879555.0,0.010908989365750799,2023,4,4
2023-04-05,2.714151382446289,2.5296058335504212,2.46472674369812,67.19961850950959,62426300,0.053820037328073944,94.57672243619778,95.00000359112174,9.727629309522207,1919830.0,0.014388594341724126,2023,4,5
2023-04-06,2.714151382446289,2.5471816001119323,2.4691252851486207,67.1996185095096,65310700,0.06159853620266231,93.30688168443952,90.47619699069736,14.170042515994522,1982255.0,0.0,2023,4,6
2023-04-10,2.743025064468384,2.5658333586220707,2.474101300239563,68.83639392556267,67190000,0.06929413774773296,94.36506332094008,97.61898938100116,14.919342272440328,2001210.0,0.010638198815598354,2023,4,10
2023-04-11,2.8200225830078125,2.590041856182618,2.481381778717041,72.74258991432694,68166100,0.08067603060530448,93.51600767187163,92.4528366439164,15.810294868975516,1953450.0,0.028070293464252938,2023,4,11
2023-04-12,2.887394905090332,2.6183611941738287,2.4909653425216676,75.62194275182368,69959700,0.09404851331676145,94.99569432169653,94.91525694017206,16.27907334006331,1994625.0,0.02389070303495977,2023,4,12
2023-04-13,2.858520984649658,2.6412335551715267,2.4982512760162354,72.10639497451174,67797900,0.10115041907187461,92.39953582674423,89.83051389614423,14.230767471834621,1954580.0,-0.009999990091334787,2023,4,13
2023-04-14,2.877770185470581,2.663760853295246,2.5064955806732176,73.0073082782602,68865200,0.10709742770251429,92.44611893234374,92.59258596071496,13.25756832920488,1946750.0,0.006733972192015214,2023,4,14
2023-04-17,2.7911486625671387,2.6758930256068547,2.5141542196273803,63.12659076093401,67548000,0.103626302407128,86.11635942665846,75.9259784231162,6.227105495878722,1941430.0,-0.030100222505876628,2023,4,17
2023-04-18,2.8007733821868896,2.6877863929001915,2.524298892021179,63.71422288668879,68971200,0.10049361717491534,80.61732402944283,73.3334077044973,5.818187714246723,1921745.0,0.003448300604274701,2023,4,18
2023-04-19,2.723775863647461,2.6912139615427884,2.531183457374573,56.02243118832216,67736300,0.09075175556049331,67.5825907619241,53.48838615815879,1.798565382044999,1918695.0,-0.02749152038831071,2023,4,19
2023-04-20,2.723775863647461,2.6943150950765666,2.5390236616134643,56.02243118832216,69093800,0.08208503485904606,57.08873111413133,44.444399479737896,0.3546036990942356,1918280.0,0.0,2023,4,20
2023-04-21,2.733400583267212,2.698037522523295,2.5451450824737547,56.77886000672907,69423700,0.07512721097590846,47.8823537762077,45.7142756907264,0.709216182465599,1882540.0,0.003533594576633936,2023,4,21
2023-04-24,2.781523942947388,2.7059886101827324,2.554713640213013,60.44254193173167,71167800,0.0726586743926565,48.33247096448085,54.83873772297825,1.4035190191186127,1907820.0,0.017605674036498042,2023,4,24
2023-04-25,2.743025064468384,2.7095158915432704,2.561792058944702,56.32887219009019,69868800,0.06682548107249398,47.49613979858657,41.93540598205505,-2.730386593475567,1888585.0,-0.013840930104743188,2023,4,25
2023-04-26,2.6564033031463623,2.704457549791184,2.5663735342025755,48.35464639273117,69320700,0.05458377336778941,32.25804790167777,0.0,-8.000000330288842,1821135.0,-0.031578917175811294,2023,4,26
2023-04-27,2.714151382446289,2.7053807719488128,2.573638997077942,53.119453820843034,70273900,0.04897733891802636,21.385899792487237,22.222293395406663,-5.050499995579467,1748415.0,0.02173919872465424,2023,4,27
2023-04-28,2.7622745037078857,2.7107992225925344,2.580911283493042,56.70421816653723,71104700,0.04786556845069745,20.987685860753878,40.74076418685497,-4.0133740472333495,1713205.0,0.01773044848302563,2023,4,28
2023-05-01,2.723775863647461,2.712035093169194,2.587604718208313,53.19950996683466,70855600,0.04337793006320423,29.62966336260474,25.925932505552595,-2.4138018810403348,1410640.0,-0.013937296966230917,2023,5,1
2023-05-02,2.675652503967285,2.708570084673774,2.591233282089233,49.113211665857726,69508800,0.03552873818896396,26.81992813614219,13.793087716019002,-4.467368870876232,1381425.0,-0.017667885350791224,2023,5,2
2023-05-03,2.733400583267212,2.7109348940636253,2.596972451210022,53.708280640239124,71660100,0.0335808849189525,25.58537168822939,37.03709484311658,0.3533594576633897,1381515.0,0.021582802405881063,2023,5,3
2023-05-04,3.079888105392456,2.7460732951425615,2.6088768577575685,70.76572738355753,75440700,0.059312131159915626,48.23591411828681,93.87755979572482,13.074212401167193,1466410.0,0.1267606088351274,2023,5,4
2023-05-05,3.166509866714477,2.786114873387506,2.6209846687316896,73.40417387958576,77037900,0.08570601579992054,76.37631419043275,98.21428793245684,15.84507174318274,1402050.0,0.028124970244976844,2023,5,5
2023-05-08,3.1761343479156494,2.823259585247329,2.633689203262329,73.68831860756654,78297200,0.1061760433965997,92.74855805420998,86.15382643444829,14.186841927742675,1371050.0,0.0030394603542349685,2023,5,8
2023-05-09,3.1953835487365723,2.858699962722495,2.647741184234619,74.28017212585866,79348500,0.12253937968858342,91.1996157643958,89.23073292628231,16.49122678927684,1374810.0,0.0060605751244606765,2023,5,9
2023-05-10,3.1953835487365723,2.890765066152407,2.6627556324005126,74.28017212585866,80516300,0.13396319724283146,88.20509742900431,89.23073292628231,20.289849999501875,1343520.0,0.0,2023,5,10
2023-05-11,3.310879707336426,2.930775984360409,2.68027250289917,77.76115622297533,81567600,0.15060020430620158,90.18891289403193,92.10527282953115,21.985815852036232,1287995.0,0.03614469337977266,2023,5,11
2023-05-12,3.282005548477173,2.964226419038196,2.697981858253479,75.02727501567693,80928300,0.15961530310148087,89.83129424823352,88.15787698888705,18.81532932630831,1266595.0,-0.008720993032538149,2023,5,12
2023-05-15,3.291630268096924,2.99540773799617,2.7149212408065795,75.33851797128331,81532800,0.16562722078139158,89.91227514028445,89.4736756024351,20.848059197097008,1230960.0,0.0029325726229245674,2023,5,15
2023-05-16,3.243506908416748,3.0190362304171776,2.7289732265472413,70.60052856961273,80723500,0.1646110225130295,86.84208924010007,82.89471512897802,21.223025172644242,1200265.0,-0.014619916503562425,2023,5,16
2023-05-17,3.3205044269561768,3.0477474872304153,2.7461051082611085,73.47487986103478,81378600,0.16808119888127004,88.59648739149743,93.42107144307917,21.478880456929016,1171275.0,0.0237389716481331,2023,5,17
2023-05-18,3.3782520294189453,3.0792241102959896,2.761889533996582,75.41617551158596,82400200,0.17349118912257655,91.67791220024587,98.71795002868042,9.687492331429038,1154480.0,0.01739121381497588,2023,5,18
2023-05-19,3.3493781089782715,3.104953062551445,2.7772889709472657,72.55681438001477,81672800,0.17344934521240551,95.67027390970692,94.87180025736116,5.7750725549936694,1174355.0,-0.008547000102191893,2023,5,19
2023-05-22,3.3205044269561768,3.1254817639233243,2.7934583854675292,69.71049412724723,80892200,0.16913661714184913,94.75215240391702,90.66670692570946,4.5454651228865925,1126180.0,-0.008620609881188512,2023,5,22
2023-05-23,3.310879707336426,3.143138710915048,2.8111677455902098,68.74243679195743,80200000,0.1630624324201304,90.14806944556824,84.90570115363408,3.614469337977274,1095840.0,-0.0028985715367871867,2023,5,23
2023-05-24,3.3493781089782715,3.162780558349641,2.8296470737457273,70.5067084539657,80927300,0.1595162920150548,87.22784077707445,86.1111142518798,4.819282502176847,1104800.0,0.011627846688763377,2023,5,24
2023-05-25,3.233882427215576,3.169552164908301,2.84620147228241,59.63242726925345,79975300,0.14570679666231534,67.6723017100572,32.00008972465768,-2.3255837398814245,1104740.0,-0.034482724256512,2023,5,25
2023-05-26,3.2050082683563232,3.1729289366652553,2.8610234308242797,57.254975950947404,78880500,0.1309235634523107,46.03707019345355,20.000006603823163,-2.3460435695051096,1117940.0,-0.008928635938107998,2023,5,26
2023-05-30,3.2146332263946533,3.176900773782341,2.876422872543335,57.858114785156324,79687500,0.11861705473012485,26.307728088631382,26.92308793741329,-2.3391765001233513,1145835.0,0.0030030992847536186,2023,5,30
2023-05-31,3.1857590675354004,3.1777444208064423,2.8922072982788087,55.33561216853836,78624600,0.10532009015582089,22.783884740974244,21.428559681686266,-1.7804136853075514,1131640.0,-0.008982100546393146,2023,5,31
2023-06-01,3.3301289081573486,3.192257229125576,2.909339175224304,63.82739614785429,79766400,0.10521869391324978,41.117230560843105,75.00004406342975,0.2898499734871426,1081165.0,0.04531725016281185,2023,6,1
2023-06-02,3.455249309539795,3.21730409392693,2.9289734601974486,69.27883950798557,81219900,0.11392129361794634,60.47618818549396,84.99996081136585,2.279204732220439,964810.0,0.037572239643923755,2023,6,2
2023-06-05,3.474498748779297,3.241798822960489,2.9509176635742187,70.02723838727871,81942200,0.12097688918212235,83.33333325187144,89.99999488081869,3.735637952180725,921065.0,0.005571071003865002,2023,6,5
2023-06-06,3.4841232299804688,3.264877337914773,2.9728618621826173,70.41530522690347,84558000,0.12589388831902504,89.16663522620001,92.49994998641547,4.927528531388746,988890.0,0.0027700344415300115,2023,6,6
2023-06-07,3.397501230239868,3.2775081848028775,2.9921111631393433,62.56403243585959,82616000,0.12140153281086352,84.16662179979038,69.99992053213695,2.6162691055039464,1033425.0,-0.02486192193066783,2023,6,7
2023-06-08,3.416750431060791,3.290769351113155,3.010782980918884,63.53699174551366,83007400,0.11803393659148442,79.16658773033753,74.99989267246015,2.011487502767237,994605.0,0.0056656935543077935,2023,6,8
2023-06-09,3.5129973888397217,3.311933926134733,3.030994749069214,68.01342710871195,86019500,0.12172821041232451,77.96290521067385,88.88890242742443,8.630955760023344,1092645.0,0.028169150694757894,2023,6,9
2023-06-12,3.5129973888397217,3.331082827344732,3.050436544418335,68.01342710871195,87140300,0.12323536841540639,84.259232509103,88.88890242742443,9.609620153689947,1116720.0,0.0,2023,6,12
2023-06-13,3.464874029159546,3.3438248465651905,3.0671834325790406,63.49334499082217,85146400,0.11917289806253173,85.18519131274651,77.7777690833907,7.784427806886953,1186190.0,-0.013698660816844566,2023,6,13
2023-06-14,3.5418713092803955,3.3626864144428295,3.0850852823257444,67.24430638470533,86685700,0.12077418838758325,87.40741064180354,95.55556041459545,11.178254042308803,1222690.0,0.02222224515894644,2023,6,14
2023-06-15,3.5707452297210693,3.382501539707424,3.10298713684082,68.54932174334739,88090100,0.12295574923709252,91.11110983266205,100.00000000000001,7.225435657289925,1260155.0,0.008152165315836957,2023,6,15
2023-06-16,3.4841232299804688,3.3921797959239046,3.1183865737915037,60.732070924635046,86906200,0.11635372714002656,91.99677130435578,80.43475349847182,0.8356537503952081,1268270.0,-0.024258801501603422,2023,6,16
2023-06-20,3.5803699493408203,3.4101026676778967,3.1357109451293947,65.44703719497093,88304100,0.11753303527916215,91.47825362754338,94.00000738415827,3.047092781331966,1301795.0,0.027624372907410377,2023,6,20
2023-06-21,3.64774227142334,3.4327350108917485,3.153805289268494,68.31500637993165,88935200,0.12249201708957846,88.91415336736952,92.30769921947842,4.696132445458547,1294320.0,0.018817139858668286,2023,6,21
2023-06-22,3.599619150161743,3.4486287384412715,3.169397220611572,64.21501688271277,87734600,0.12114245735790208,86.34501266349707,72.7273313868545,5.949016828100021,1319740.0,-0.013192577128761651,2023,6,22
2023-06-23,3.609243869781494,3.463925417616531,3.1838341999053954,64.67169314431433,89030400,0.1194723530664783,80.26422874297943,75.75765562260536,5.633816183084233,1348165.0,0.002673816095049464,2023,6,23
2023-06-26,3.599619150161743,3.476848630239884,3.198656163215637,63.79493759998895,87200300,0.1160345745999245,73.73743946543813,72.7273313868545,2.465750802924196,1392070.0,-0.002666685867456664,2023,6,26
2023-06-27,3.5322465896606445,3.4821246263751946,3.2117456912994387,57.879724505236325,84249000,0.1066443778172097,66.66673295910314,51.51521186784958,0.5479423606198724,1484895.0,-0.018716580196566412,2023,6,27
2023-06-28,3.5033726692199707,3.4841482495032685,3.2259901714324952,55.50442084031452,83527900,0.09576873280622866,54.317439425135575,38.70977502070264,1.111112257947317,1480600.0,-0.008174378460776621,2023,6,28
2023-06-29,3.695865392684937,3.504311786949142,3.243892011642456,65.63082102400398,84880000,0.10151209163179731,61.109478944175954,93.10344994397563,4.3478170141599115,1495060.0,0.05494497492549799,2023,6,29
2023-06-30,3.782487630844116,3.530804724462949,3.265066246986389,69.04487619280098,86658000,0.11176507732684327,76.34515025114294,97.22222578875054,5.92992183706109,1526870.0,0.02343760633994596,2023,6,30
2023-07-03,3.811361312866211,3.557524399548974,3.286817955970764,70.11067430431373,87188500,0.12082768089792273,95.10855955899332,95.00000294425381,9.392264890917094,1480720.0,0.007633516574289789,2023,7,3
2023-07-05,3.7151148319244394,3.572533012156161,3.3064522409439085,62.39838798307654,86030400,0.11887327574716933,86.88109569439472,68.42105835017978,3.76343463078241,1502510.0,-0.025252520829465164,2023,7,5
2023-07-06,3.5611205101013184,3.5714461071985566,3.3220441722869873,52.45584611203242,84662400,0.10370291811043586,63.24562387277689,26.315810323897065,-2.3746678048123693,1440120.0,-0.04145075691869038,2023,7,6
2023-07-07,3.782487630844116,3.591545299926705,3.342833423614502,61.863094327555835,86893600,0.10829442625361274,60.52635014907034,86.84218177313414,5.080217463399041,1454580.0,0.06216220993220456,2023,7,7
2023-07-10,3.782487630844116,3.609730283823601,3.365355110168457,61.863094327555835,88679500,0.11065763717771304,66.54816708597632,86.48650916089771,4.80000153254012,1524305.0,0.0,2023,7,10
2023-07-11,3.7632381916046143,3.6243500845646497,3.3863368463516235,60.65280090172427,86703000,0.10971253221107657,84.80325322367686,81.08106873699869,4.545454244389136,1472525.0,-0.005089095092481788,2023,7,11
2023-07-12,3.820986032485962,3.643077317700013,3.407511076927185,62.991948401814845,88174500,0.11232844545896414,86.6250931387932,92.3077015184832,8.174385210548326,1490060.0,0.015345252663032882,2023,7,12
2023-07-13,3.936481714248657,3.6710205935617886,3.431765193939209,67.19271674561347,89919600,0.12231118463471491,89.79625805528286,96.00000391036666,12.362631267689778,1477620.0,0.030226669446250964,2023,7,13
2023-07-14,3.926857233047485,3.6953859877985216,3.456789288520813,66.51515421861652,88245200,0.12797079449556925,94.10258143994122,94.0000388909738,6.250006854138679,1484375.0,-0.002444944978744479,2023,7,14
2023-07-17,3.9172325134277344,3.716514228334637,3.4804659271240235,65.80057186404309,87361600,0.1301788212317505,94.00002237653155,92.00002432825414,3.5623350486290395,1458335.0,-0.0024509981006569648,2023,7,17
2023-07-18,3.820986032485962,3.7264639239680966,3.4952878856658938,58.977224627047725,86174100,0.1227474554230703,86.00003018342177,72.00002733103737,0.25252708493577636,1458515.0,-0.024570019934188947,2023,7,18
2023-07-19,3.73436450958252,3.7272163606932796,3.5066449785232545,53.59099049486939,85087400,0.10861634983795465,70.1705893805749,46.51171648243314,0.5181448899685619,1442955.0,-0.02266993968755371,2023,7,19
2023-07-20,3.7439889907836914,3.7288137540352233,3.5180020713806153,54.09266173688349,85943500,0.09707494253987514,55.78300064650659,48.83725812604925,5.135138790267173,1454205.0,0.00257727417247966,2023,7,20
2023-07-21,3.782487630844116,3.7339255518265464,3.529744153022766,56.13527011705097,86620100,0.08999737884916437,51.162857378208,58.1395975261416,0.0,1428005.0,0.010282786662886512,2023,7,21
2023-07-24,3.888358592987061,3.7486334605085,3.543603653907776,61.24239090431348,88323100,0.09187221477412288,63.565938172636145,83.72095886571755,2.7989770879784257,1448365.0,0.02798977087978427,2023,7,24
2023-07-25,3.8691093921661377,3.760107358761608,3.55476824760437,59.87735583001036,87083500,0.09075857772934048,73.64345812060056,79.06981796994252,2.8133005451983046,1418840.0,-0.004950469551764258,2023,7,25
2023-07-26,3.820986032485962,3.765905327687737,3.565547857284546,56.48756833943337,85585400,0.08501288379977456,74.26360170124059,60.00002826806164,0.0,1346180.0,-0.012437838996646633,2023,7,26
2023-07-27,3.73436450958252,3.762901440249145,3.574402542114258,50.901630348090976,84909300,0.07263248491907381,57.78522591131644,34.28583149594512,-5.134463191700974,1343930.0,-0.02266993968755371,2023,7,27
2023-07-28,3.782487630844116,3.76476679173438,3.585182156562805,53.644213722030536,85435400,0.06594390304857667,47.619123953798145,48.57151209738765,-3.6764667935566613,1302630.0,0.012886562395853618,2023,7,28
2023-07-31,3.801736831665039,3.768287747918252,3.5948068046569825,54.73342958655026,87220300,0.06148761244004364,42.561652639741624,44.82761432589207,-2.9483999575412487,1302975.0,0.005089032060265453,2023,7,31
2023-08-01,3.772862911224365,3.7687234777569296,3.602699022293091,52.73190378558484,86149000,0.054992170447321076,42.627304364771,34.48278667103326,-1.2594424803559898,1330015.0,-0.007594928770497833,2023,8,1
2023-08-02,3.7536137104034415,3.7672844522946924,3.6107837343215943,51.38288303305219,85450900,0.04774090875850634,35.96062346993185,28.57146941287022,0.5154612189444107,1307015.0,-0.005102014378433051,2023,8,2
2023-08-03,3.705490112304688,3.7613992770575493,3.6184834480285644,48.07183164707729,84461900,0.03767674537895349,24.589482034682543,10.714190020144123,-1.0282850343249776,1288065.0,-0.012820604838845062,2023,8,3
2023-08-04,3.695865392684937,3.7551579547363483,3.6261831617355345,47.413769940169935,82938800,0.028594568569136225,15.476131191537725,7.1427341415988055,-2.2900864883951586,1252660.0,-0.0025974214821922192,2023,8,4
2023-08-07,3.7536137104034415,3.7550108838475,3.634267873764038,51.68717731603771,83686800,0.025759742355865534,15.476131191537725,28.57146941287022,-3.4653409494340814,1200765.0,0.015625113899657483,2023,8,7
2023-08-08,3.7536137104034415,3.7548778197099706,3.6446624994277954,51.68717731603771,84476200,0.023245166349959767,22.24958144781667,31.034540788980962,-2.9850714998273915,1141410.0,0.0,2023,8,8
2023-08-09,3.6862406730651855,3.7483409486009434,3.6542871475219725,46.566876005804744,81688700,0.015635667453961943,25.076993929847177,15.62497158769032,-3.526455168251689,1207210.0,-0.017948846774383354,2023,8,9
2023-08-10,3.589994430541992,3.733260327833424,3.6617943716049193,40.40848067547687,78350800,0.0018178621637492398,20.856196289676816,15.90907649235914,-3.865987872101631,1286850.0,-0.026109592687870387,2023,8,10
2023-08-11,3.5803699493408203,3.718699339405557,3.669686589241028,39.84106719154173,76233900,-0.009796534921995281,15.056812342443756,13.636388947281777,-5.343512027776029,1308975.0,-0.002680918142738964,2023,8,11
2023-08-14,3.5514957904815674,3.7027751918889864,3.6741139268875123,38.11202400767775,75178300,-0.021087844058607086,12.551180512054472,8.108076096522472,-6.582282053276005,1317575.0,-0.00806457412719852,2023,8,14
2023-08-15,3.589994430541992,3.6920341669987966,3.6768088293075563,41.74237316992914,78691800,-0.026622877433655212,14.318851510595051,21.212089487980872,-4.846942096367566,1433875.0,0.01084011986262401,2023,8,15
2023-08-16,3.589994430541992,3.6823160968600535,3.6791187429428103,41.74237316992914,80876300,-0.03065604742910688,17.065051866893228,21.874990016176312,-4.358980238375764,1488765.0,0.0,2023,8,16
2023-08-17,3.5611205101013184,3.6707736600258882,3.6806586885452273,39.71592041620985,78960700,-0.035769914470051845,18.529024785733032,12.499994853041878,-3.8961000522971743,1541740.0,-0.00804288725214386,2023,8,17
2023-08-18,3.5435492992401123,3.658657054236767,3.683579649925232,38.4912971346929,78070700,-0.04077056313812433,13.72327692466706,6.794845904782958,-4.121256519414835,1552410.0,-0.00493418035457216,2023,8,18
2023-08-21,3.533787250518799,3.646764691977913,3.685920386314392,37.79405230365935,77416600,-0.045002567398421345,10.306848884951266,11.625705897028935,-5.856395379081657,1499965.0,-0.0027548787661587637,2023,8,21
2023-08-22,3.6216440200805664,3.6443722470353084,3.688093318939209,47.08428092704234,78208000,-0.04079687325100956,18.734724605150035,37.78362201363818,-3.5158037162191333,1477555.0,0.024861929520196613,2023,8,22
2023-08-23,3.6997385025024414,3.649645223746464,3.691828141212463,53.70304262277076,80130100,-0.030807132819799854,36.81476824029281,61.03497681021128,0.3661678830653272,1498755.0,0.02156326850150725,2023,8,23
2023-08-24,3.660691261291504,3.650697227322182,3.6957444858551027,50.314303068729274,79430800,-0.025744214312803493,52.163704679017826,57.67251521320398,1.9692741066129844,1499915.0,-0.010554054343172248,2023,8,24
2023-08-25,3.6704530715942383,3.652578736300473,3.6983161211013793,51.144305159305915,80338600,-0.020705438998980696,59.92416547563213,61.065004403481105,2.516028330256853,1519000.0,0.002666657635391534,2023,8,25
2023-08-28,3.6802148818969727,3.6552107501668067,3.7005055141448975,52.007689450911045,81372100,-0.015743001233243348,64.38369857328115,74.41357610315832,3.6243627758306176,1481430.0,0.0026595654847847428,2023,8,28
2023-08-29,3.738785982131958,3.6631702960682495,3.7055987691879273,56.92626332715197,82483100,-0.007003305515037361,76.02372637152567,92.59259860793755,4.14461789478326,1483415.0,0.015915130533028732,2023,8,29
2023-08-30,3.729024171829224,3.6694420937597707,3.7085718536376953,55.898020628380706,81986500,-0.0008548757256061634,85.29835785544846,88.88889885524947,3.872700751411532,1473340.0,-0.002610957233012745,2023,8,30
2023-08-31,3.5533111095428467,3.6583820000248255,3.7066832304000856,41.40165767462251,81048000,-0.010044984127380197,67.90125734287794,22.222274565446753,-0.21929616075389408,1470815.0,-0.047120387047580814,2023,8,31
2023-09-01,3.5923585891723637,3.6520940561341146,3.706538019180298,44.82595221937024,82114600,-0.014015840094194765,49.38276787934529,37.0371302173396,1.3774124701106376,1447990.0,0.010989040482453305,2023,9,1
2023-09-05,3.563072919845581,3.6436158526780638,3.7056146001815797,42.80557283954518,81436800,-0.019303363660140516,28.39512354894495,25.92596586404847,0.8287332329495153,1444480.0,-0.00815221214693096,2023,9,5
2023-09-06,3.5533111095428467,3.6350154009509,3.7046884393692014,42.12402992190627,80855600,-0.024004748886554683,28.39512354894495,22.222274565446753,-1.8867925770407332,1434070.0,-0.0027397166778044824,2023,9,6
2023-09-07,3.465454339981079,3.6188667284775837,3.7033525943756103,36.492503747045674,80554800,-0.03442312919836965,18.132744718389713,6.249993725673881,-6.3324519385058275,1309735.0,-0.024725324311124286,2023,9,7
2023-09-08,3.5435492992401123,3.611693639978777,3.704156126976013,43.69783196451895,81637800,-0.03596359418327699,19.90744293139998,31.250060503079272,-3.1999956754086805,1196990.0,0.022535272895691794,2023,9,8
2023-09-11,3.689976692199707,3.6191491687617225,3.704038352966309,54.19212002145809,82592100,-0.02507985199310081,38.54167668328349,78.1249758210973,0.5319130969569592,1138860.0,0.041322239538474914,2023,9,11
2023-09-12,3.738785982131958,3.6305431509874593,3.7031643199920654,57.064917475493395,83491600,-0.01237327470428573,67.708344933426,93.74999847610138,1.5915130533028763,1131055.0,0.013227533397549562,2023,9,12
2023-09-13,3.611882209777832,3.6287659184913044,3.699174737930298,48.54114987377161,82053600,-0.012400350979710595,75.00001199596161,53.125061690686145,-3.3942507798149486,1027280.0,-0.033942507798149446,2023,9,13
2023-09-14,3.71926212310791,3.637384604645267,3.6992576837539675,54.706171924674756,83055600,-0.003714331032647511,78.125001262263,87.49994362000146,-0.2617856112347289,968155.0,0.029729627682593573,2023,9,14
2023-09-15,3.787595510482788,3.651690405201222,3.7037871837615968,58.14284958388528,84631200,0.008584380238205735,76.78953735124112,89.74360674303574,6.5934108699556955,951155.0,0.018372834479807088,2023,9,15
2023-09-18,3.8266427516937256,3.668352533438603,3.704670286178589,60.0100573398766,85374600,0.021237174632616096,88.62664279587675,88.636378024593,6.521736533416006,943825.0,0.01030924265879718,2023,9,18
2023-09-19,3.6997385025024414,3.6713416733494446,3.7030153036117555,51.9058622700298,84854900,0.020784897659899215,79.15695054195879,59.090866858247615,3.835610040301484,937105.0,-0.03316333857795184,2023,9,19
2023-09-20,3.768071413040161,3.680554029510465,3.7031119680404663,55.39865070404492,85421200,0.025644743064228148,74.24239965986432,74.9999540967523,6.04394878119593,925850.0,0.018469659542559747,2023,9,20
2023-09-21,3.641167640686035,3.6768029448605195,3.699515600204468,48.37263411062396,84031200,0.0190366886141371,59.84845830045702,45.4545539463711,5.070426081733208,899245.0,-0.0336787068087272,2023,9,21
2023-09-22,3.6509294509887695,3.6743388025870196,3.69380455493927,48.909408063747726,85076400,0.01442121556640208,56.06059360271354,47.72727276501718,3.030299360352743,916540.0,0.00268095601906837,2023,9,22
2023-09-25,3.641167640686035,3.6711796443107354,3.688090763092041,48.367840250522654,83366400,0.009862039957087454,46.21212688591981,45.4545539463711,-1.3227468785060352,956650.0,-0.002673787711808706,2023,9,25
2023-09-26,3.5045015811920166,3.655305543061334,3.679836144447327,41.4482329172878,81778400,-0.004724487445255221,35.60605022425597,13.63632396137962,-6.2663228668238995,984375.0,-0.037533580702774016,2023,9,26
2023-09-27,3.484977960586548,3.6390838685399256,3.6731159830093385,40.55562602710531,79701100,-0.017656277937609488,22.72725805476451,9.090896256542784,-3.5135212562507707,1032690.0,-0.005571012069233494,2023,9,27
2023-09-28,3.5728349685668945,3.632774449494875,3.669885392189026,46.1732551636378,81091000,-0.020578275231618814,17.42425004380483,29.545529913492057,-3.9369947504172513,1077355.0,0.025210204762832866,2023,9,28
2023-09-29,3.582596778869629,3.6279956237210422,3.6666575479507446,46.7751154306049,87593100,-0.021854359181617156,23.484891551287536,31.818248483827748,-5.412371280032194,1355535.0,0.0027322309562620717,2023,9,29
2023-10-02,3.4947397708892822,3.6153045901180176,3.660902590751648,42.20153298464313,86249700,-0.029613623776981512,24.242464408066102,11.363614826878473,-8.673477048714267,1369375.0,-0.02452327554653444,2023,10,2
2023-10-03,3.387359619140625,3.5935955452630277,3.650882611274719,37.38954914221451,84750300,-0.04392128052222288,14.393954436902083,0.0,-8.443269251341103,1410455.0,-0.030726222491047728,2023,10,3
2023-10-04,3.475216150283813,3.582321317169769,3.643004746437073,43.10564895005278,87543600,-0.04762195747619202,10.323811706014222,19.607820291164167,-7.772019971353626,1521060.0,0.025936582182401136,2023,10,4
2023-10-05,3.436168909072876,3.56840204020816,3.635308403968811,41.30091323221134,86570400,-0.05309352752275309,10.457510492706321,11.76471118695477,-5.630027283625294,1554680.0,-0.011235917284669661,2023,10,5
2023-10-06,3.4459307193756104,3.5567381048907745,3.629539728164673,41.955198956850964,87527800,-0.055996595796931725,18.633604837097987,24.528283033175,-5.614973785857188,1548400.0,0.002840899432201782,2023,10,6
2023-10-09,3.5533111095428467,3.556411724381448,3.6249561977386473,48.72562189075428,88411900,-0.049066984593310714,27.192006569098684,45.283025487166256,-2.412866965022115,1544890.0,0.03116150582002808,2023,10,9
2023-10-10,3.738785982131958,3.573780701310068,3.623697180747986,57.867137847135304,89998400,-0.028282917778882588,56.603769506780424,99.99999999999999,6.685241695917632,1579240.0,0.05219775777330504,2023,10,10
2023-10-11,3.787595510482788,3.5941440164693748,3.623991832733154,59.89358763828177,91291500,-0.007783154705074846,80.42767674460795,96.0000047466576,8.683485328134111,1571995.0,0.013054913703029802,2023,10,11
2023-10-12,3.689976692199707,3.6032709379675016,3.6227190923690795,54.27146812165914,90906000,0.0005793539906262524,90.16992683257551,74.50977575106889,3.2786771475145797,1541170.0,-0.025773295488629944,2023,10,12
2023-10-13,3.768071413040161,3.6189662213077547,3.6239707183837893,57.692884833737324,92275600,0.01335435301879695,86.90194311747918,90.19604885471104,5.177100455861312,1530870.0,0.02116401466858564,2023,10,13
2023-10-16,3.885213851928711,3.6443231385097508,3.6277576875686646,62.25489847932778,93534900,0.03255576501182045,87.67030368235163,98.30508644127492,11.173194762369029,1556665.0,0.031088168468133448,2023,10,16
2023-10-17,3.7973573207855225,3.6588978225360145,3.6286325597763063,57.267269735797846,92364300,0.040220102236963484,90.51733203768924,83.05086081708177,12.103754774903825,1589210.0,-0.022613048983024298,2023,10,17
2023-10-18,3.7778334617614746,3.6702250262717726,3.6291169548034667,56.18992343523187,91563500,0.04420911726628818,87.00564932074103,79.66100070386632,8.707870198316945,1600935.0,-0.005141433205977375,2023,10,18
2023-10-19,3.7778334617614746,3.680473448699363,3.6309488105773924,56.18992343523187,93242400,0.046830606337510794,80.79095407493816,79.66100070386632,9.943182705205963,1615380.0,0.0,2023,10,19
2023-10-20,3.816880941390991,3.6934646384795182,3.6354865407943726,58.02169153542914,94100800,0.05146569607785967,81.9208936474122,86.44067953450397,10.764877538878542,1606040.0,0.010335945198417962,2023,10,20
2023-10-23,3.7973573207855225,3.7033591796515184,3.639826288223267,56.74416558840489,93489900,0.05295323316427414,83.05084701848403,83.05086081708177,6.868135204577504,1551085.0,-0.0051150719410058,2023,10,23
2023-10-24,3.865689992904663,3.7188192571041987,3.6461101722717286,60.05892365138705,94266000,0.05896626617123335,88.13558889321509,94.91522632805948,3.394257156713232,1510490.0,0.017994796472038388,2023,10,24
2023-10-25,3.885213851928711,3.7346663613732,3.6520145606994627,60.97900747637866,95141900,0.0645628105156848,89.53036526358788,90.62500864562236,2.577316959420513,1450420.0,0.005050549593962117,2023,10,25
2023-10-26,4.080450534820557,3.7675981874158055,3.6618236827850343,68.7351305501511,96658700,0.08378624519839928,93.66491671014175,95.45451515674334,10.58201379554179,1456765.0,0.05025120632547053,2023,10,26
2023-10-27,3.953546762466431,3.785307575515865,3.6696722078323365,60.33962620447796,96003700,0.0877691338908142,83.66394391018878,64.91230792820058,4.922288595284994,1164410.0,-0.031100431501666637,2023,10,27
2023-10-30,3.885213851928711,3.7948224589837554,3.6765054988861086,56.348542927324985,93106900,0.08443835428908963,68.78895637057305,46.000046026775195,0.0,1242080.0,-0.017283951510691287,2023,10,30
2023-10-31,3.914499521255493,3.8062202744382065,3.684119744300842,57.64165762836816,95555800,0.0832026874330194,54.30414248595026,52.00007350287499,3.0848348094284326,1289555.0,0.0075377239047584865,2023,10,31
2023-11-01,4.080450534820557,3.8323374420936682,3.693295874595642,64.12677908930169,97276900,0.09452465109304864,60.57368411332487,83.72093281032441,8.010333862572704,1235945.0,0.042393928691001115,2023,11,1
2023-11-02,4.197592735290527,3.867123660493369,3.7032529592514036,67.86662456539335,97911500,0.11166260840158193,77.87924116370273,97.91671717790874,11.11111111111111,1219015.0,0.028708153540972114,2023,11,2
2023-11-03,4.2268781661987305,3.90138599437007,3.7145766973495484,68.7439098827989,99395300,0.12615343430377512,89.28151821352533,86.20690465234286,10.74168230823368,1245335.0,0.006976720409769932,2023,11,3
2023-11-06,4.304973125457764,3.9398228639974695,3.727267098426819,71.0163558665777,100120000,0.14229879682554403,94.14288951986525,98.3050467293441,13.367607043290718,1237365.0,0.018475800860204172,2023,11,6
2023-11-07,4.353782176971436,3.979247560471181,3.7407384443283083,72.36850724472787,101641100,0.15722025821747376,90.07541619157918,85.71429719305056,12.626262968904625,1234095.0,0.011337829549977307,2023,11,7
2023-11-08,4.334258556365967,4.01305813150878,3.7526478958129883,70.94281618701618,99644900,0.1655617381974097,88.95883583513346,82.85716358300569,11.55778604604582,1269250.0,-0.004484289707633149,2023,11,8
2023-11-09,4.558780670166016,4.065031706618993,3.769243025779724,76.64181272662559,102129100,0.18812093827745002,82.15202358367522,77.88460997496936,11.722483369510917,1374185.0,0.0518017351480522,2023,11,9
2023-11-10,4.578304290771484,4.113914809871611,3.789742889404297,77.06308778331052,103897300,0.2052091366986879,79.91392025054398,78.99998719365686,15.80245703013505,1394115.0,0.004282640911688729,2023,11,10
2023-11-13,4.685685157775879,4.168369128719636,3.8116094207763673,79.27686215501299,104888300,0.22482475577324212,82.19178967254355,89.69077184900436,20.603017912380686,1380700.0,0.023454287916345518,2023,11,13
2023-11-14,4.851635932922363,4.233442157691324,3.837380681037903,82.14497325634446,106368700,0.25086925129036786,89.24611869276562,99.04759703563562,23.940133510766234,1396190.0,0.035416544125054905,2023,11,14
2023-11-15,4.841874122619629,4.291388059113068,3.8631519412994386,81.43102600903043,105480000,0.2676368540640759,93.5675464329824,91.96427041430714,18.660282272789686,1400585.0,-0.002012065710968236,2023,11,15
2023-11-16,4.910207271575928,4.350323222204769,3.8920469999313356,82.57284528812299,106925500,0.2831749495549305,95.55468819791946,95.65219714381557,16.976743129323104,1388915.0,0.014112954452299542,2023,11,16
2023-11-17,4.851635932922363,4.3980672898921584,3.9182087326049806,78.13769386490176,104458000,0.2874492486417264,92.56885153084939,90.09008703442541,14.780595563876474,1469370.0,-0.011928485991339,2023,11,17
2023-11-20,5.00782585144043,4.456139533849137,3.944565715789795,81.05928887668892,105848000,0.29998187819388544,94.3383450813436,97.27275106578976,16.326529934096374,1508325.0,0.03219324794306777,2023,11,20
2023-11-21,4.910207271575928,4.499384080299308,3.967994141578674,74.36991459554301,104608600,0.29859505590859214,91.36584892185579,86.73470866535214,12.780269475758429,1531490.0,-0.019493205786384027,2023,11,21
2023-11-22,4.841874122619629,4.53200217956791,3.9925939798355103,70.01426557592086,102828700,0.28865464416253417,86.9172072283116,76.74416195379281,11.71170477377495,1576690.0,-0.013916550804660255,2023,11,22
2023-11-24,4.841874122619629,4.561513793191883,4.015046219825745,70.01426557592086,103467500,0.27757706066733157,79.595828787372,75.30861574297101,6.209850241452918,1532790.0,0.0,2023,11,24
2023-11-27,4.851635932922363,4.589144473166216,4.0363270282745365,70.30243291894323,104311700,0.2665134908229625,75.68424965914386,74.99997128066771,5.9701501864311455,1542250.0,0.0020161222814798485,2023,11,27
2023-11-28,4.978540420532227,4.626229801486788,4.059364981651306,73.82420504184577,105732000,0.26493169590154597,80.804632182519,92.10530952391821,6.249998727941747,1468425.0,0.026157050810163174,2023,11,28
2023-11-29,4.919969081878662,4.654204971047919,4.083769593238831,69.7149852369883,104590600,0.256000875761103,81.34279690750164,76.92310991791896,1.4084558260565654,1403050.0,-0.011764761095844012,2023,11,29
2023-11-30,4.968778610229492,4.684164365255688,4.107783737182618,71.1558476703097,106016200,0.2499800431461665,85.18898941123669,86.53854879187284,2.6209786623119267,1388275.0,0.009920698187028565,2023,11,30
2023-12-01,5.115205764770508,4.725215927114243,4.137264499664306,74.9987407978492,108684600,0.2540948898283766,86.56266274368637,96.22632952126732,4.174945819115818,1489965.0,0.029469446322192283,2023,12,1
2023-12-04,4.998064041137695,4.751201461783143,4.164207191467285,67.27657582120258,107355300,0.245078465374176,81.97425949131708,63.157900160811046,3.0181182232099526,1482240.0,-0.022900686506023282,2023,12,4
2023-12-05,4.949254989624023,4.770063702529893,4.190368938446045,64.30554623148534,103658500,0.231327798625502,69.34433368983747,48.64877138743402,-1.169586634079122,1630845.0,-0.009765591459400702,2023,12,5
2023-12-06,5.085920333862305,4.800145286466313,4.22199731349945,68.50017860330593,107012600,0.22882034873457435,66.09769521075101,86.48641408400793,3.5785263751194347,1722495.0,0.027613316453647396,2023,12,6
2023-12-07,5.066396713256836,4.825502565208269,4.253625688552856,67.28374072296462,105690200,0.22269074334455574,72.07207400912266,81.08103655592595,4.637100943791826,1688805.0,-0.003838758636363071,2023,12,7
2023-12-08,5.124967575073242,4.854023042338267,4.284668340682983,69.05891002379771,107079200,0.2200228791714105,86.62503225755113,92.30764613271944,5.846774312679766,1634045.0,0.01156065447128296,2023,12,8
2023-12-11,5.124967575073242,4.879827283551122,4.315515756607056,69.05891002379771,107977100,0.2154252889597279,88.56544294045496,92.30764613271944,5.633803647468632,1590530.0,0.0,2023,12,11
2023-12-12,5.00782585144043,4.892017623350103,4.3457774782180785,61.339000747201915,107140900,0.20002356039628033,82.05128039288752,61.53854891322364,0.5882332658669545,1582790.0,-0.022857066296880557,2023,12,12
2023-12-13,5.134729862213135,4.9151330746703925,4.3807248830795285,65.79940808062943,108735600,0.19580060514016218,82.81362060951082,94.59466678258934,4.3650839417972005,1588505.0,0.025341138956779696,2023,12,13
2023-12-14,5.183538436889648,4.940695490119846,4.414891328811645,67.3592035489551,110028300,0.19415423754742545,81.6740206055779,88.88884612092068,4.322185460588214,1608705.0,0.009505577895285056,2023,12,14
2023-12-15,5.07615852355957,4.953596731399819,4.447691121101379,60.79047690518993,107834000,0.18208584549205575,81.48637605330391,60.975615256401696,-0.7633562168674429,1646145.0,-0.02071556228191318,2023,12,15
2023-12-18,5.134729862213135,4.970847505762992,4.4814671039581295,62.914851283849146,109200400,0.17522785770033256,74.27918600619152,72.97309664125216,2.7343751490693307,1591090.0,0.011538516455252834,2023,12,18
2023-12-19,5.242110252380371,4.996682053059885,4.5152430868148805,66.49852107167371,110136500,0.17642384872927064,77.12818488149816,97.43584274684059,5.9171585091152235,1568395.0,0.020912568537919896,2023,12,19
2023-12-20,5.134729862213135,5.009829463455433,4.5431619644165036,60.23051745817687,109074700,0.1667843934966724,78.4696542344027,65.00002331511529,0.9596990347224644,1559515.0,-0.020484191479657743,2023,12,20
2023-12-21,5.2518720626831055,5.032881139572354,4.57244749546051,64.19539042659608,110413200,0.16667611386763603,82.2934569161089,84.44450468637078,3.6608927394286157,1537445.0,0.022813702689995274,2023,12,21
2023-12-22,5.271395683288574,5.055596810402471,4.6040758752822875,64.82482026581344,111546600,0.16624927632774256,78.18365563678226,85.10643890886068,2.8571518955071515,1562175.0,0.0037174592930762085,2023,12,22
2023-12-26,5.349490165710449,5.083586653765135,4.635704250335693,67.3010284427138,112211200,0.1702500400856657,87.41127435048276,92.68287945621675,4.3809563152991915,1553195.0,0.014814763890605098,2023,12,26
2023-12-27,5.369013786315918,5.110770190198543,4.665380249023437,67.90924117424169,113054600,0.1730018100287971,91.78340918756602,97.56090919762062,7.212469953834312,1524350.0,0.0036496226744395788,2023,12,27
2023-12-28,5.3299665451049805,5.131646033522966,4.696032433509827,65.29343471799399,112103900,0.17007134490155984,92.68287945621677,87.8048497148129,3.8022775906597777,1514815.0,-0.007272702728098324,2023,12,28
2023-12-29,5.290919303894043,5.146814916415449,4.726294150352478,62.69280158738902,111276300,0.1627223818146577,87.8048497148129,78.04879023200517,2.0715746263247117,1484915.0,-0.0073259824204334745,2023,12,29
2024-01-02,5.271395683288574,5.158679751355748,4.75616539478302,61.376467425821794,109945500,0.153552821264487,79.67480014580647,73.17076049060132,3.846159626868728,1418035.0,-0.0036900242630991675,2024,1,2
2024-01-03,5.300681114196777,5.172203690673941,4.7858413982391355,62.64350794651695,111063900,0.1469549626578628,76.90224516310809,79.48718476671776,3.2319373450371827,1407490.0,0.005555536458976995,2024,1,3
2024-01-04,5.300681114196777,5.184439635771354,4.815907874107361,62.643507946516955,112497700,0.14011099978762598,76.13850831161027,75.75757967751169,1.1173145736454135,1294340.0,0.0,2024,1,4
2024-01-05,5.427584648132324,5.207596303615255,4.847145767211914,67.93064116125518,114552300,0.14327557289796644,80.53613480203788,86.36363996188416,5.703411742735094,1229365.0,0.02394098629997976,2024,1,5
2024-01-08,5.398299694061279,5.225758531276782,4.877407484054565,65.62249955917689,113138100,0.14178604754116542,77.9534786078529,71.73921618416283,2.788103549182157,1233955.0,-0.005395577585532885,2024,1,8
2024-01-09,5.398299694061279,5.242191022970544,4.90376446723938,65.62249955917689,114558800,0.13900324508166406,75.95678479665064,69.76749824390491,2.4074081779711074,1235540.0,0.0,2024,1,9
2024-01-10,5.408061027526856,5.2579881662616215,4.932854752540589,66.06819446814748,115281600,0.1360175860513113,71.19989156400554,72.09296026394884,1.09488680233191,1226785.0,0.0018082237035330628,2024,1,10
2024-01-11,5.486155986785889,5.27971843488298,4.964873595237732,69.47761364147424,116593900,0.13835813386242535,77.51937910433078,90.69767880513857,2.1818196997097066,1250590.0,0.014440473001604781,2024,1,11
2024-01-12,5.622822284698486,5.312394992008267,4.999040050506592,74.33721200240595,117601000,0.14951732034151188,84.72333220473043,91.37935754510384,5.494513654357988,1221210.0,0.024911121419401105,2024,1,12
2024-01-16,5.417823314666748,5.322435784642408,5.025787506103516,59.129579357259644,116124000,0.1402031774340875,79.08314814010232,55.17240807006456,2.398524783383211,1230425.0,-0.03645837617696124,2024,1,16
2024-01-17,5.46663236618042,5.336168792407934,5.051168298721313,61.16659421953661,117393600,0.13520161456543978,70.11494527896143,63.793070221715865,3.703700018399051,1184190.0,0.00900897808563439,2024,1,17
2024-01-18,5.417823314666748,5.34394541357544,5.074987201690674,58.050737252638434,116178100,0.12584865248702748,58.045962120615,55.17240807006456,2.209946192692663,1176645.0,-0.008928541054933792,2024,1,18
2024-01-19,5.476394176483154,5.356559581471413,5.098415622711181,60.64172410313265,117353200,0.12175897997804697,61.494226981275524,65.51720265204612,3.314914791153271,1188595.0,0.010810773702761178,2024,1,19
2024-01-22,5.417823314666748,5.362394222728112,5.119696445465088,56.859652384807696,116246700,0.11249493442038005,58.620672930725085,55.17240807006456,-0.1798467292248519,1190830.0,-0.010695150847234935,2024,1,22
2024-01-23,5.505679607391357,5.3760404498388965,5.1431248664855955,60.80813386421965,117594900,0.1109632647059895,63.79307022171588,70.68959994303691,1.9891432379756127,1191315.0,0.01621616055414199,2024,1,23
2024-01-24,5.505679607391357,5.388387036272464,5.1620628452301025,60.80813386421965,119093700,0.1084986999473534,65.51720265204614,70.68959994303691,1.9891432379756127,1209585.0,0.0,2024,1,24
2024-01-25,5.564250946044922,5.405135980060317,5.181781778335571,63.39830971629751,120026600,0.11000367822053203,70.54983355806785,70.27030078812966,2.888094600320963,1223000.0,0.010638348547367782,2024,1,25
2024-01-26,5.642345905303955,5.427727401512092,5.2009149932861325,66.57067674828538,120691800,0.11615898640142941,77.61728415573953,91.89195173605198,2.846982821747502,1214090.0,0.014035125305508211,2024,1,26
2024-01-29,5.515441417694092,5.436081117338949,5.214191102981568,57.80323145190571,119957700,0.10953433725916462,72.9729768719531,56.75667809167759,-1.9097325429724592,1203260.0,-0.022491440570945764,2024,1,29
2024-01-30,5.505679607391357,5.442709544962987,5.227467212677002,57.179399307754885,119031800,0.1023171106163252,66.69237936989468,51.428508281954414,1.6216160554141923,1208175.0,-0.001769905536738614,2024,1,30
2024-01-31,5.574012756347656,5.455214612713908,5.2407433223724365,60.40109531023774,120631100,0.10094765876883383,59.871252908671984,71.42857235238392,1.9642877547711128,1221600.0,0.012411392203891092,2024,1,31
2024-02-01,5.652107238769531,5.473966291385872,5.2567527484893795,63.7571409106915,121757300,0.10495408502147541,72.38090318891152,94.28562893239621,4.32431828237267,1221990.0,0.014010459938926578,2024,2,1
2024-02-02,5.447108268737793,5.471408384467007,5.2655383968353275,51.43423858189832,120218100,0.09054377082917231,66.66660315732696,34.28560818720072,-0.5347662494990131,1227260.0,-0.03626947638671607,2024,2,2
2024-02-05,5.515441417694092,5.47560200667911,5.2776430797576905,54.58521989271371,121168700,0.08367287819263858,60.952309329182235,54.28569086794975,1.8017956171268805,1172060.0,0.01254484867658645,2024,2,5
2024-02-06,5.574012756347656,5.4849744590284955,5.292285852432251,57.151419661523875,122315500,0.08200852062706154,53.333312624249736,71.42863881759871,1.2411392203891014,1158690.0,0.010619519675372002,2024,2,6
2024-02-07,5.691154479980469,5.504610651500112,5.309271459579468,61.800452440301434,123319500,0.08911460566602614,74.28570854617216,97.142795952968,3.368791608216938,1137855.0,0.02101568990838998,2024,2,7
2024-02-08,5.652107238769531,5.518657945525771,5.325280885696412,59.48365920586864,122198100,0.09055162050689525,84.7619048552608,85.71427979521562,1.5789419560068148,1157785.0,-0.006861040470486635,2024,2,8
2024-02-09,5.818058490753174,5.547172283166476,5.34207124710083,65.4173947930394,123542400,0.10388383604750384,90.51211263885564,88.67926216838329,3.114176060777207,1159385.0,0.029360952468370005,2024,2,9
2024-02-12,5.837582111358643,5.57483036204192,5.36042350769043,66.04738772665078,124167700,0.11470288250457017,88.94879145060098,92.45283238820399,5.840705562225555,1140295.0,0.0033556934218688106,2024,2,12
2024-02-13,5.681393146514893,5.584979198658394,5.3746757984161375,57.087658729414315,123048900,0.10941266948476969,81.13212172874192,62.26427062963843,3.191495903387482,1122385.0,-0.026755763236261942,2024,2,13
2024-02-14,5.749725818634033,5.600669352941789,5.387366199493409,59.66562539150953,124167000,0.10947208703733846,76.72962313895111,75.47176639901086,3.1523620409062723,1114810.0,0.012027450020961394,2024,2,14
2024-02-15,5.779011249542236,5.617654295475164,5.402985143661499,60.75380489978248,125095700,0.110607253830036,72.9560529191304,81.13212172874191,2.24525129145165,1100470.0,0.005093361289210119,2024,2,15
2024-02-16,5.866868495941162,5.64138898123383,5.421337413787842,63.90038264486113,127894400,0.11724470326548175,82.08636299024097,89.65520084297015,7.706111325388365,1181650.0,0.015202816295933896,2024,2,16
2024-02-20,6.042581081390381,5.679597752677312,5.440470628738403,69.21623184666458,129836900,0.13512582057107636,90.26244085723737,100.0,9.557524480364743,1223450.0,0.029949978522747056,2024,2,20
2024-02-21,6.17924690246582,5.727183385990504,5.462727632522583,72.59626903402184,132893500,0.15849746435132328,96.15956812215836,98.82350352350495,10.858140671259257,1308870.0,0.022617126561418566,2024,2,21
2024-02-22,6.130437850952148,5.765588573129707,5.482837038040161,69.6547245866944,130802200,0.1711087428122351,97.25489311481353,92.94117582093561,7.718704043563183,1338495.0,-0.007898867335143223,2024,2,22
2024-02-23,6.003533840179443,5.788250027134444,5.500408363342285,62.5573295556398,129377600,0.16891602003122586,89.80391451694523,77.64706420639513,6.217620907815932,1363080.0,-0.020700643878641567,2024,2,23
2024-02-26,6.06210470199585,5.814331424740292,5.521493940353394,64.36221661877994,130935200,0.16994542540432267,84.09277909498898,81.6900972576362,4.194633168960852,1407700.0,0.009756064240766582,2024,2,26
2024-02-27,6.140199184417725,5.845366449471476,5.541603326797485,66.66923928968313,132384800,0.1750449988624334,83.36879983098858,90.76923802893441,5.183945463829214,1443475.0,0.01288240409245378,2024,2,27
2024-02-28,6.052342891693115,5.865078491587823,5.558979415893555,61.82068567767736,130703000,0.17003709717936122,83.12748782489807,76.92312818812354,6.529203940159861,1481270.0,-0.0143083782929333,2024,2,28
2024-02-29,5.779011249542236,5.856881611393005,5.573036470413208,49.70857711668884,127600500,0.14237154922555373,64.08457815263985,24.56136824086155,0.509336128921022,1556430.0,-0.045161294897225424,2024,2,29
2024-03-01,5.847343921661377,5.855973259989993,5.5872887516021725,52.22844897179638,129913800,0.12452483394104075,46.10884672196596,36.84204373691275,1.1824284322781575,1615785.0,0.011824284322781597,2024,3,1
2024-03-04,5.798534870147705,5.85050293714787,5.5984172439575195,50.29013562079308,128055100,0.10522967872341127,29.82451488202636,28.07013266830475,-1.1647376422487028,1631760.0,-0.008347217500386694,2024,3,4
2024-03-05,5.7302021980285645,5.839045723898412,5.610326690673828,47.62531814789383,125645300,0.08346215388273492,28.74122832492074,21.311508569544692,-5.169626673672021,1704720.0,-0.011784472051885708,2024,3,5
2024-03-06,5.779011249542236,5.833328154912109,5.620869474411011,49.67653622049239,127439600,0.069350289198022,26.296616177160445,29.508207293631855,-6.477094365073363,1737095.0,0.008517858502526288,2024,3,6
2024-03-07,5.759487628936768,5.8262957238668385,5.630631313323975,48.85235891755454,126342900,0.05594622845146535,25.68308122239119,26.22952780399699,-6.050958039771446,1741730.0,-0.0033783669493662183,2024,3,7
2024-03-08,5.770374774932861,5.82096991920646,5.639049005508423,49.356936191819514,127283800,0.045675397878194524,27.9318615861625,28.057849660858636,-3.883697026676758,1732705.0,0.0018902976614438849,2024,3,8
2024-03-11,5.671397686004639,5.8067249446158105,5.645096683502198,45.00969751786205,125766700,0.029212325259526217,21.907869918032247,11.43623228924109,-6.445072053318,1741345.0,-0.017152627478927318,2024,3,11
2024-03-12,5.710988521575928,5.7976071900405834,5.652717123031616,47.01982390033514,126571600,0.01913924584307125,19.192987062662624,18.08487923788811,-6.990174910465856,1750325.0,0.00698078987988926,2024,3,12
2024-03-13,5.720886707305908,5.790300477399186,5.661316471099854,47.5361723083298,127596600,0.011818719853161852,16.42274419311507,19.747121052215984,-5.476493819313064,1745635.0,0.0017331825642068477,2024,3,13
2024-03-14,5.730783939361572,5.784632235681318,5.670504236221314,48.081048952060414,128472200,0.006738101536696739,19.747067667438582,21.409202712211616,-0.8345252863884668,1733510.0,0.0017300171393055397,2024,3,14
2024-03-15,5.701091289520264,5.776675955094551,5.6785124397277835,46.52006506644944,127107700,0.000312128206978457,19.193040447440037,16.422797577892474,-2.501180606109436,1755300.0,-0.005181254459336038,2024,3,15
2024-03-18,5.612011432647705,5.760993619623423,5.6847390460968015,42.10374583648351,126173000,-0.011832108747244163,16.54027826846585,11.78883451529343,-3.216733910841321,1662100.0,-0.015625053581637127,2024,3,18
2024-03-19,5.641704559326172,5.74963275673797,5.689021444320678,44.01174500361921,127717400,-0.018843302993469813,18.488001497818008,27.25237240026809,-1.5444069099837274,1642195.0,0.005290995400637932,2024,3,19
2024-03-20,5.730783939361572,5.747837631273551,5.695671129226684,49.399282746010606,129289200,-0.0170156179927492,33.59224591455964,61.73553082811737,-0.8345252863884668,1567955.0,0.01578944432461382,2024,3,20
2024-03-21,5.661499977111816,5.739614997543862,5.700935134887695,45.71469083233235,128313500,-0.02091668664181956,42.65960521643287,38.99091242091313,-1.7013258494148413,1512175.0,-0.012089787886415126,2024,3,21
2024-03-22,5.552625179290772,5.721806443424521,5.703826417922974,40.591053272720295,126658900,-0.03241988171565602,35.81232559945615,6.7105335493379235,-3.7735780453640033,1523675.0,-0.019230733597315308,2024,3,22
2024-03-25,5.562522888183594,5.706636581020623,5.705353755950927,41.23585623565959,130225400,-0.04027333832375746,20.474243483524596,15.72128448032271,-1.9197172169695715,1624120.0,0.0017825278266101474,2024,3,25
2024-03-26,5.483340740203857,5.685370310466645,5.702564125061035,37.709670420148605,128084200,-0.0522839005954534,8.408247533219308,2.792924569997273,-3.9861362093799424,1658700.0,-0.014234934322327364,2024,3,26
2024-03-27,5.602113723754883,5.677441111732192,5.706249933242798,45.26984655479615,129604500,-0.051623289435640984,19.896890162280624,41.17646143652186,-2.076128922450873,1650625.0,0.02166069722426367,2024,3,27
2024-03-28,5.661499977111816,5.675922908435013,5.710147285461426,48.62720291746456,130852900,-0.04578005205477176,34.85848091551898,60.60605674003779,-1.208978788641512,1557920.0,0.010600686863088127,2024,3,28
2024-04-01,5.5229315757751465,5.66135230532455,5.7122494506835935,42.1326078298079,129655900,-0.051734196640152774,40.37907222268911,19.35469849150765,-3.125010716327417,1502105.0,-0.024475563348383078,2024,4,1
2024-04-02,5.5229315757751465,5.648169378700797,5.713180198669433,42.1326078298079,132313200,-0.055809561239636984,41.468381062089776,44.44438795472385,-1.5873071169160355,1542035.0,0.0,2024,4,2
2024-04-03,5.552625179290772,5.6390699311379375,5.715876235961914,43.99166820149967,133996000,-0.05599778380790621,38.30341127742253,51.11114738603608,-1.5789444324613637,1505685.0,0.0053764206759086,2024,4,3
2024-04-04,5.542727470397949,5.62989445868651,5.716617193222046,43.4901268896274,131373500,-0.056296661072980037,47.45469090555761,46.80853737591288,-3.2815138548841043,1547095.0,-0.0017825278266103695,2024,4,4
2024-04-05,5.483340740203857,5.6159369616881625,5.716170415878296,40.506142239336086,129942900,-0.060626669759699325,43.98739766130578,34.04250822196834,-3.1468557383770572,1563790.0,-0.010714351465277439,2024,4,5
2024-04-08,5.641704559326172,5.618391018606068,5.717719488143921,50.29924162140758,131300500,-0.050695213276462425,49.645375797353815,68.08508179418021,1.604275043949166,1584625.0,0.028880900645329444,2024,4,8
2024-04-09,5.691193103790283,5.625324550528374,5.7186964321136475,52.907969873689474,133955000,-0.03838863028218675,60.28364800648749,78.72335400331387,2.313162897361235,1641495.0,0.008771913513674345,2024,4,9
2024-04-10,5.414056777954102,5.6052038102832045,5.716668739318847,40.186896625656026,132127500,-0.050416984353007344,55.31912097555844,19.14892712918121,-1.2635355986865053,1692625.0,-0.04869564619967148,2024,4,10
2024-04-11,5.423954486846924,5.587941969955939,5.715034236907959,40.73495545118113,133341700,-0.058476795130969705,39.71628756783435,21.27658157100794,-3.1802145706629044,1702085.0,0.0018281501836341363,2024,4,11
2024-04-12,5.206204891204834,5.551586057693929,5.7076780796051025,33.46916207423352,131710000,-0.08149539758508428,14.030737764852468,1.6667045943682244,-8.041951563148265,1739890.0,-0.04014591128486278,2024,4,12
2024-04-15,5.1567158699035645,5.513979373142465,5.697770252227783,32.069126349290755,130301700,-0.1025490348528244,10.504901351535342,8.57141788922983,-6.630820984237587,1742080.0,-0.009505776729009319,2024,4,15
2024-04-16,5.087431907653809,5.473355805000688,5.690576725006103,30.16660619317703,128650500,-0.1234023255998622,6.78823163630759,10.12657242532469,-7.885298996488387,1777905.0,-0.01343567572805815,2024,4,16
2024-04-17,5.077534198760986,5.435658509168336,5.681818580627441,29.89376533789924,127720900,-0.13912364042047543,9.565993474293363,9.999990108325537,-8.556150742926045,1747165.0,-0.0019455216448069912,2024,4,17
2024-04-18,5.028045654296875,5.396838237275817,5.670899238586426,28.50551884093467,125976600,-0.15380325939193273,9.11849069045152,7.228909537704301,-9.285713917017135,1755790.0,-0.009746570387686893,2024,4,18
2024-04-19,5.097329616546631,5.36831360673018,5.659022741317749,33.18374098667759,126753000,-0.15802471590643474,10.963842965916356,15.662629251719201,-7.039707031645741,1745825.0,0.013779501423291096,2024,4,19
2024-04-22,5.13692045211792,5.3462761634337745,5.6487190055847165,35.770119423882974,127553300,-0.1563730300997852,14.45781214971708,20.481897659727714,-8.947368687958056,1703110.0,0.0077669757597726985,2024,4,22
2024-04-23,5.077534198760986,5.3206816906077945,5.633908519744873,33.665055940586,126725500,-0.15803431037547355,16.465840653053963,13.252995047714945,-10.782605577389486,1566175.0,-0.011560672179077414,2024,4,23
2024-04-24,4.988454341888428,5.2890409907297595,5.6169259643554685,30.742503542028786,125141900,-0.16464100788756397,12.527004359432683,3.8461203708553637,-7.86106340440898,1538295.0,-0.017543920609002672,2024,4,24
2024-04-25,5.028045654296875,5.264184292021866,5.603859014511109,33.50545989157152,126627000,-0.16478266326317126,10.171256507700534,13.414654104531262,-7.2992653885670835,1536535.0,0.00793658911057804,2024,4,25
2024-04-26,5.166613578796387,5.25489184314325,5.592196769714356,42.19714566351967,127363500,-0.15196193018411996,15.91619045027482,30.48779687543781,-0.7604639701240213,1510940.0,0.02755900284658197,2024,4,26
2024-04-29,5.146818161010742,5.244599111511583,5.579552907943725,41.365303576673895,126724300,-0.14176455804885713,25.282292090652316,31.944425291987834,-0.19193822468654573,1483050.0,-0.0038314105523362674,2024,4,29
2024-04-30,4.968658924102783,5.218319093663126,5.561588716506958,34.7296131659796,125716400,-0.14637174626546745,23.841030647060148,9.090869773754761,-2.334635346614406,1400580.0,-0.034615413122147665,2024,4,30
2024-05-01,5.008249759674072,5.198312490426074,5.540902090072632,37.14271968676889,126417700,-0.14515506928116473,20.496591804004456,20.454480346270753,-1.3645292453927886,1351505.0,0.007968112960870632,2024,5,1
2024-05-02,5.107227325439453,5.1896377128083,5.519461698532105,42.832986080348356,127266300,-0.13465199723205146,30.959571407009197,63.33336410100204,1.5748001626618273,1262810.0,0.019762905309223644,2024,5,2
2024-05-03,5.255692958831787,5.195928688620061,5.501966800689697,50.126264021556324,128171400,-0.11304518658413176,56.262615408774685,85.00000177905125,3.1067903039090727,1236535.0,0.029069713159783683,2024,5,3
2024-05-06,5.13692045211792,5.190308856572238,5.4846345329284665,45.162306659152584,126929200,-0.10430323932907193,67.77779912230797,55.00003148687056,0.0,1230765.0,-0.02259882904960786,2024,5,6
2024-05-07,5.216102123260498,5.192765358161596,5.4677144813537595,48.802346885151536,127862600,-0.08994900786340221,71.66668164919318,75.00001168165768,2.72903970855233,1144710.0,0.015414229572103366,2024,5,7
2024-05-08,5.226000308990479,5.1959305915738705,5.449430503845215,49.25579652671728,128826000,-0.07688815633932133,69.16672427190407,77.50012964718394,4.76191523108391,1101505.0,0.001897621153896134,2024,5,8
2024-05-09,4.810295581817627,5.1592034477875615,5.424589557647705,35.16805425143137,124538900,-0.09894070781043407,57.18260647131157,19.04767808509305,-4.330709930868724,1255150.0,-0.07954548461424704,2024,5,9
2024-05-10,4.6519317626953125,5.110891858731157,5.402047967910766,31.47484938643194,123280800,-0.12772382963020412,32.18260257742568,0.0,-9.961685894476636,1236470.0,-0.032921847821766215,2024,5,10
2024-05-13,4.691522598266602,5.070951929163104,5.378931541442871,33.3590182770496,124735700,-0.14566092303738287,8.339274491580795,5.9701453896492795,-8.846155984161072,1238800.0,0.008510622595278683,2024,5,13
2024-05-14,4.760807037353516,5.041414320419333,5.358176984786987,36.64220516323375,126081800,-0.15252728400715654,7.46270248718998,16.417962071920606,-4.183259304457097,1223545.0,0.01476800710978421,2024,5,14
2024-05-15,4.849886417388916,5.02317356774977,5.340570669174195,40.68816652791758,128188800,-0.149062661470599,17.41296141564884,29.85077678537658,-3.162049615821521,1282415.0,0.018710983103595646,2024,5,15
2024-05-16,4.859784126281738,5.007612668562338,5.322186126708984,41.137945624269975,129139700,-0.14385993300212263,25.870683536945197,31.34331175353836,-4.844961529814487,1242745.0,0.0020408125141517797,2024,5,16
2024-05-17,4.800397872924805,4.987877926120668,5.303004331588745,39.21635413013124,127944300,-0.1428816567433051,27.8607301611609,22.38810194456771,-8.662893541790604,1263695.0,-0.01221993648560904,2024,5,17
2024-05-20,4.760807037353516,4.966252127190463,5.282812976837159,37.94386676481259,127271100,-0.14364516328987964,23.38312525667558,16.417962071920606,-7.321768329298055,1257340.0,-0.008247407114853833,2024,5,20
2024-05-21,4.750909328460693,4.9457432892162,5.26440320968628,37.61526110746842,126663500,-0.14339593108517334,17.9104970400824,14.925427103758832,-8.918398907976528,1246330.0,-0.002078998122621689,2024,5,21
2024-05-22,4.691522598266602,4.921531794840048,5.244013891220093,35.62188274405064,125720500,-0.1463039250019813,12.43784485510959,5.9701453896492795,-10.227280503684554,1214300.0,-0.012500076530261417,2024,5,22
2024-05-23,4.602443218231201,4.8911424065915865,5.221645021438599,32.81293778359783,124982400,-0.154021034027922,7.931373396274499,2.8985476954153295,-4.3209894288426725,1176950.0,-0.018987307035100542,2024,5,23
2024-05-24,4.602443218231201,4.8636472457953595,5.199078207015991,32.81293778359783,126305700,-0.1583119766091814,3.9366222528556736,2.941173673502354,-1.0638278244098285,1206290.0,0.0,2024,5,24
2024-05-28,4.622238636016846,4.840655949625977,5.177501153945923,34.15116938027056,128013700,-0.15829057947360248,4.362041075276633,7.246401856912161,-1.4767905471744829,1259730.0,0.004301067247767687,2024,5,28
2024-05-29,4.5034661293029785,4.808542633404739,5.155330247879029,30.25705887174233,126613300,-0.16594466396878627,4.189527030750471,2.3810055618368398,-5.405405134705697,1279355.0,-0.025695883762552274,2024,5,29
2024-05-30,4.543056964874268,4.783258284020885,5.13335729598999,32.999541566107155,127312500,-0.16689210324030945,10.848030560502016,22.916684262756988,-6.326528625794898,1279250.0,0.008791192036214257,2024,5,30
2024-05-31,4.384693145751953,4.745299699423844,5.106435480117798,28.21943165338108,124694900,-0.17836550586746647,9.644682825059865,3.6363586505857097,-9.775968812287168,1367700.0,-0.03485842690213714,2024,5,31
2024-06-03,4.364897727966309,4.709070940237413,5.0805034351348874,27.67969164364115,123838100,-0.18690110528910875,11.628776546586026,8.333286726415325,-9.072167692907357,1365285.0,-0.004514664339697938,2024,6,3
2024-06-04,4.305511474609375,4.670636705415695,5.055561161041259,26.068810481920465,122035800,-0.1961959785477676,6.974953438952053,8.955214939855066,-9.563411395838358,1393290.0,-0.013605416909642676,2024,6,4
2024-06-05,4.305511474609375,4.635862873910331,5.0304209327697755,26.068810481920465,123039700,-0.2012424350490205,8.747905535375173,8.955214939855066,-9.375002195540288,1396815.0,0.0,2024,6,5
2024-06-06,4.315409183502197,4.605343474823843,5.0070623016357425,26.891223333498658,124593600,-0.20211328960357822,9.73358067897069,11.290312157201877,-8.016873134179693,1426340.0,0.0022988462465356463,2024,6,6
2024-06-07,4.176840782165527,4.56453369457067,4.978556842803955,23.028892581546103,123392300,-0.21154618727171393,6.748509032352334,0.0,-9.247315303745133,1272050.0,-0.032110141922674806,2024,6,7
2024-06-10,4.18673849105835,4.528553198998068,4.949061613082886,23.869996977280934,124714900,-0.21573629057841348,6.620577313060866,8.571419781980662,-9.032261941356749,1275275.0,0.002369663918022402,2024,6,10
2024-06-11,4.18673849105835,4.495999417289523,4.92233775138855,23.869996977280934,125553300,-0.21656060182350956,5.755686422271396,8.695639484833471,-9.42184467857295,1244450.0,0.0,2024,6,11
2024-06-12,4.048170566558838,4.453349050553268,4.892842531204224,20.273017461878965,123900100,-0.22579235416280774,6.721869015331709,2.8985477791809378,-10.109892018097819,1259805.0,-0.03309686640220122,2024,6,12
2024-06-13,4.008579730987549,4.410990067737485,4.861961622238159,19.37468540251544,122208700,-0.23361031961195788,6.147842934897113,6.849341540676873,-11.764704647534852,1239025.0,-0.009779932668435798,2024,6,13
2024-06-14,4.028375148773193,4.3745505516456475,4.831674575805664,21.253586732691105,123775000,-0.2354941587061763,6.490045568131855,9.722247384537697,-8.12640668649694,1269795.0,0.004938262206092503,2024,6,14
2024-06-17,3.949193239212036,4.334040331413875,4.800991625785827,19.314642946839285,122749600,-0.24060291250616928,6.549503343783499,3.07692110613587,-9.52380822329043,1261295.0,-0.019656041614016906,2024,6,17
2024-06-18,3.909602403640747,4.293617671625958,4.766349582672119,18.410272060690048,121783700,-0.24502182715280707,4.266389496891208,0.0,-9.195401598704308,1275930.0,-0.010025043894582475,2024,6,18
2024-06-20,3.939295530319214,4.25987270578722,4.731311631202698,21.383442844182056,123406200,-0.24332298576311207,3.8504964947085263,8.474568377989652,-8.50574772474359,1326675.0,0.00759492235088044,2024,6,20
2024-06-21,3.978886365890503,4.233112101987533,4.702608222961426,25.292499781806384,125343000,-0.23606082986221466,8.38040602833304,16.66664970700941,-7.79816706369863,1376365.0,0.010050232399822168,2024,6,21
2024-06-24,4.05806827545166,4.216441261365069,4.675290498733521,32.519412611064254,126278200,-0.2213644490647555,19.27784751258887,32.692324452767494,-2.843596701626925,1386220.0,0.019900520467222682,2024,6,24
2024-06-25,3.949193239212036,4.190989068779066,4.650150265693664,28.444864044057084,125340300,-0.2160127068970894,20.29914365807011,11.538456814433374,-5.673754220705228,1366950.0,-0.026829276603904884,2024,6,25
2024-06-26,3.889806985855103,4.162305060881546,4.624812088012695,26.494838164881756,124540800,-0.2140954281799896,16.56177530482947,5.454544647287482,-7.092191352228126,1321525.0,-0.015037565841873657,2024,6,26
2024-06-27,3.988784313201904,4.1457792753882465,4.602839136123658,34.54845386040033,125566500,-0.20225782554285932,15.293969938732083,28.888908354475337,-1.466989900265382,1302790.0,0.02544530556573177,2024,6,27
2024-06-28,3.870011568069458,4.1195156842150285,4.578688683509827,30.263397822566148,124674100,-0.200153166956893,13.073833231574838,4.878046692961641,-3.4567894919718443,1312450.0,-0.029776677756011227,2024,6,28
2024-07-01,3.820522546768189,4.091040147315329,4.554538221359253,28.667885004252938,123533700,-0.20017111230580298,12.704925050702181,4.347820104669512,-5.159713143109428,1238590.0,-0.012787822576446839,2024,7,1
2024-07-02,3.7908294200897217,4.062448649484319,4.528408217430115,27.72347195685711,122429400,-0.20027270224518823,6.863165540294406,11.363629823252007,-4.010029632125878,1250965.0,-0.007772006660079711,2024,7,2
2024-07-03,3.9590909481048575,4.052605058876751,4.504851627349853,39.82165486585636,123372700,-0.18464741347004932,25.056972264957466,59.45946686695083,1.2658203918133752,1208015.0,0.04438646780660305,2024,7,3
2024-07-05,4.018477439880371,4.049354809448524,4.483670492172241,43.421328561880124,124422600,-0.16556375011746294,48.83293603510217,75.67571141510365,2.010052532279569,1210315.0,0.01500003221798707,2024,7,5
2024-07-08,4.087761402130127,4.053012580180106,4.465656633377075,47.37622082281294,125565900,-0.1431984698740889,78.3783673409181,99.9999237406998,2.7363193172081712,1189785.0,0.017241346576234218,2024,7,8
2024-07-09,4.206533908843994,4.067633659100475,4.449226398468017,53.39099875782711,126981700,-0.1145691931378705,88.68673860350975,90.38458065472577,3.6585297071131673,1200510.0,0.029055635843123095,2024,7,9
2024-07-10,4.18673849105835,4.0789769764297965,4.429628896713257,52.317702388765376,125316000,-0.09241233793270354,89.7772955964147,78.9473823938185,6.015032373895934,1217665.0,-0.004705873817877904,2024,7,10
2024-07-11,4.226329803466797,4.093010579004749,4.411219129562378,54.296585631754425,126410100,-0.07084156505353612,85.09898770023023,85.96500005214637,8.651401440622266,1230450.0,0.009456361435757898,2024,7,11
2024-07-12,4.1471476554870605,4.098166491050683,4.394788904190063,49.84140481110417,125671400,-0.059450600214354665,78.94741056717827,71.92984925556986,3.9702157311693345,1184725.0,-0.01873543988800508,2024,7,12
2024-07-15,4.087761402130127,4.097175530201106,4.3763791370391845,46.74357154710557,124317300,-0.05458592033504317,73.0994662853044,61.403549548196914,5.626593880423275,1167860.0,-0.01431978272544987,2024,7,15
2024-07-16,4.137249946594238,4.1009921412861665,4.356979589462281,49.557222335742935,126039700,-0.046204695568246024,67.8362882582582,70.17546597100771,8.290159158829507,1175665.0,0.01210651493463466,2024,7,16
2024-07-17,4.216432094573975,4.111986422551672,4.336194372177124,53.766097023077826,127468700,-0.032795135065184056,71.92987742892963,84.21061676758421,11.227165016414263,1195845.0,0.01913883594219845,2024,7,17
2024-07-18,4.008579730987549,4.102138166212232,4.313627557754517,43.50452676154158,126535700,-0.03849615073987689,67.25152200343054,47.368483271699645,1.2500036885078547,1194200.0,-0.04929579296531439,2024,7,18
2024-07-19,4.127352237701416,4.104539506354058,4.291852560043335,49.4424792563361,127455200,-0.033049326009371605,66.66672757524316,68.42108268644554,2.709354461979662,1159050.0,0.029629573236555462,2024,7,19
2024-07-22,4.127352237701416,4.1067121474347585,4.269879598617553,49.4424792563361,128708300,-0.028405240240350516,61.40354954819693,68.42108268644554,0.9685211947707695,1124865.0,0.0,2024,7,22
2024-07-23,4.05806827545166,4.102079397722083,4.254835052490234,46.16019024585646,127277400,-0.029969930825965996,58.622196573323045,39.02442434707798,-3.529405363408425,1149650.0,-0.01678653971349464,2024,7,23
2024-07-24,4.018477439880371,4.094117306499062,4.2421659660339355,44.348427045612404,125597600,-0.03401253362863432,44.3621813806345,25.64103710837992,-4.018905205981577,1186745.0,-0.009756079218968483,2024,7,24
2024-07-25,3.949193239212036,4.080315014376488,4.227319378852844,41.29390001593166,123920200,-0.04231915258855601,24.119256283897098,7.692307396233334,-6.557381395730869,1230640.0,-0.01724140590680967,2024,7,25
2024-07-26,4.018477439880371,4.0744257215673345,4.212472786903382,45.34767012579591,125609700,-0.04281797305838708,21.963832415289925,32.55815274125646,-3.1026195905141414,1263830.0,0.017543887186983742,2024,7,26
2024-07-29,4.008579730987549,4.0681546748454505,4.195646653175354,44.870990389453254,125062100,-0.04351039353123376,23.494344256771853,30.232572632825715,-1.937042389541539,1246590.0,-0.0024630495108906025,2024,7,29
2024-07-30,3.978886365890503,4.059652931135456,4.178028697967529,43.3971766107159,124226000,-0.045925744752389086,29.702141868184423,26.315700230471045,-3.8277499002471287,1231375.0,-0.007407452786209356,2024,7,30
2024-07-31,3.899704694747925,4.044419765765215,4.160014834403992,39.65657002522777,121814900,-0.05361123021905545,22.55312360891304,11.111097963442312,-7.511739611166482,1296715.0,-0.0199004605462908,2024,7,31
2024-08-01,3.899704694747925,4.030637378049283,4.14279278755188,39.65657002522777,122952800,-0.05902166777591367,16.179298719118574,11.111097963442312,-2.716050161057959,1306445.0,0.0,2024,8,1
2024-08-02,3.9590909481048575,4.02382343234029,4.126956419944763,43.86522365833944,125100900,-0.05785063804097934,17.31729555618654,29.729690741674943,-4.07673684982762,1361355.0,0.01522839753402705,2024,8,2
2024-08-05,3.8502161502838135,4.007289405477768,4.110130290985108,38.55599718614794,122291100,-0.06495906712849608,21.25249191507606,22.91668704011086,-6.714621661948188,1444680.0,-0.02749994866199279,2024,8,5
2024-08-06,3.909602403640747,3.99798588149329,4.096273474693298,42.634536550025516,123735600,-0.06505070996769602,30.14139272354412,37.777800388846494,-3.6585355822873367,1446115.0,0.015424134915790644,2024,8,6
2024-08-07,4.176840782165527,4.0150196815573125,4.087761425971985,56.596524264750514,126583400,-0.043063030030987104,51.437154538288326,93.61697618590757,3.9408792174249627,1505220.0,0.06835436214074342,2024,8,7
2024-08-08,3.998681783676148,4.013463691282916,4.075290288925171,48.17794781861151,122831200,-0.03955758232438811,62.2379661079382,55.3191217490605,1.2531304868228221,1638125.0,-0.04265400760548288,2024,8,8
2024-08-09,4.166943073272705,4.028080775281944,4.068559827804566,54.9878352450091,124392900,-0.022937797260810022,77.74994328719423,84.31373192661455,3.6945742663359025,1679275.0,0.042079189767850966,2024,8,9
2024-08-12,4.18673849105835,4.043191033927316,4.061433458328247,55.72497407979655,125628900,-0.008076077091222267,75.95604973864552,88.23529554026148,4.444435985483312,1673370.0,0.004750585126207962,2024,8,12
2024-08-13,4.335204601287842,4.0710018498664144,4.060443687438965,60.89716953786385,126917700,0.015503206217687193,90.84967582229201,100.0,8.955225222110416,1651690.0,0.035461042180344515,2024,8,13
2024-08-14,4.2857160568237305,4.091450821957587,4.0588600540161135,58.446218932953926,126042700,0.029852524850405793,92.31498288661548,88.70965311958487,9.89847673839717,1623990.0,-0.011415503768705593,2024,8,14
2024-08-15,4.305511474609375,4.111837550781567,4.0588600540161135,59.154372903030904,126555700,0.042333790441841934,93.5483685215385,91.93545244503059,10.40608998953141,1602990.0,0.004618928907837105,2024,8,15
2024-08-16,4.355000019073486,4.134995881095083,4.059849824905395,60.94623564949531,127399900,0.05557792753834523,92.50670269312887,96.87500251477108,9.999999397794666,1599225.0,0.011494231232678676,2024,8,16
2024-08-19,4.440000057220459,4.164043897868928,4.062341642379761,63.877382068348275,128449400,0.07210165135458446,93.23455536955036,90.89321114884933,15.318202509050574,1589045.0,0.019517804311067755,2024,8,19
2024-08-20,4.340000152587891,4.180801636413591,4.065604829788208,58.33065713448228,127564800,0.07624871720739268,88.550590254781,77.8835571007225,11.008734508305587,1561730.0,-0.022522500753112684,2024,8,20
2024-08-21,4.340000152587891,4.195963399858762,4.068670063018799,58.33065713448228,128808500,0.07862891162532115,82.22010845009812,77.8835571007225,3.906286567566303,1539925.0,0.0,2024,8,21
2024-08-22,4.21999979019165,4.1982525798904655,4.069335289001465,52.041510087655276,127876600,0.07002500185704275,72.67967480316385,62.2719102080465,5.534774170302594,1502650.0,-0.027649852114563944,2024,8,22
2024-08-23,4.329999923706055,4.210799945968141,4.074971876144409,56.65499663996751,128778300,0.07126098061686736,70.52937191894532,71.4326484480669,3.913104824474725,1463260.0,0.026066383645343416,2024,8,23
2024-08-26,4.340000152587891,4.223104727550974,4.081600284576416,57.05941708802015,129402500,0.07221498815298055,68.61639773488717,72.14463454854808,3.6606456757894756,1467090.0,0.0023095217224107234,2024,8,26
2024-08-27,4.28000020980835,4.22852334490882,4.086632785797119,53.81509646214469,128938500,0.06735314690509497,68.63020862657929,62.313342883122836,-1.2733976030356868,1448485.0,-0.013824871122127491,2024,8,27
2024-08-28,4.25,4.23056874063179,4.092648921012878,52.21641611287944,128390900,0.060383275664574576,57.134459171761705,36.94540008361415,-0.8333743148210495,1355310.0,-0.007009394471429897,2024,8,28
2024-08-29,4.119999885559082,4.220038373482008,4.096856870651245,45.85892824102443,127484100,0.04386404233652019,36.87410427644404,11.363569862595055,-4.308700374956586,1343755.0,-0.030588262221392437,2024,8,29
2024-08-30,4.159999847412109,4.2143204186182075,4.101270956993103,47.95849111944382,128558300,0.03361262808388066,23.510385615727653,22.2221869009737,-4.477615862395855,1290060.0,0.009708728874782357,2024,8,30
2024-09-03,4.019999980926514,4.195813710266617,4.102093229293823,41.84243189110605,127396200,0.014029762860496398,13.118326532424433,5.769222833704487,-9.459461055882844,1207675.0,-0.033653815293452016,2024,9,3
2024-09-04,4.070000171661377,4.18383146849469,4.102331867218018,44.56165684465173,128022200,0.0025157980533832003,14.458683269199204,15.384640072919375,-6.221197498472803,1166750.0,0.012437858450770278,2024,9,4
2024-09-05,4.179999828338623,4.183466550384589,4.10694799900055,50.090410607557345,129521300,0.0022411167792899533,19.230758062250775,36.538411280128415,-3.686643286264893,1099315.0,0.027026941532620086,2024,9,5
2024-09-06,4.110000133514404,4.176469748777905,4.111351861953735,46.88598944393013,128511500,-0.003583650379031411,24.99999617919106,23.076937184525356,-2.606627065075055,962195.0,-0.01674633916242063,2024,9,6
2024-09-09,4.289999961853027,4.1872821500231545,4.117376174926758,54.879374572126366,129242300,0.006252585593786719,42.59906129583069,68.18183542283823,-0.9237866641529014,920650.0,0.04379557724848726,2024,9,9
2024-09-10,4.079999923706055,4.177064795135812,4.12157594203949,46.15266720451141,128476400,-0.0028643560528376355,38.11188915635929,23.076894861714205,-5.990788473286133,897145.0,-0.0489510582783933,2024,9,10
2024-09-11,4.070000171661377,4.166868164328723,4.1265654945373536,45.7793607280248,127625200,-0.010772317835918699,37.257195616713304,20.512856565587406,-4.906542706837298,875265.0,-0.002450919664624518,2024,9,11
